{
    "yanam": "يانام",
    "yavatmal": "يافاتمال",
    "yadgir": "يادجير",
    "central delhi": "وسط دلهي",
    "wokha": "وخا",
    "wayanad": "واياناد",
    "washim": "واشيم",
    "wardha": "وارذا",
    "dibang valley": "وادي ديبانج",
    "hingoli": "هينجولي",
    "hoshiarpur": "هوشيربور",
    "hoshangabad": "هوشانجباد",
    "howrah": "هاوراه",
    "hanumangarh": "هانومانجرا",
    "haveri": "هافري",
    "hazaribagh": "هازارباج",
    "haridwar": "هاريدوار",
    "hardoi": "هاردوي",
    "harda": "هاردا",
    "neemuch": "نيموش",
    "nuapada": "نوبادا",
    "narsinghpur": "نرسينغبور",
    "nainital": "ناينيتال",
    "nayagarh": "نايجارا",
    "nanded": "نانديد",
    "nandurbar": "ناندوربار",
    "nashik": "ناشيك",
    "narayanpur": "نارين بور",
    "nadia": "نادية",
    "nagaur": "ناجور",
    "nagpur": "ناجبور",
    "nabarangpur": "نابارنجبور",
    "mysore": "ميسور",
    "meerut": "ميروت",
    "mirzapur": "ميرزابور",
    "mon": "مون",
    "mokokchung": "موكوكشونج",
    "sri muktsar sahib": "موكاتسار",
    "morena": "مورينا",
    "moga": "موجا",
    "hathras": "مهامايا نجار",
    "darjeeling": "مقاطعة دارجيلنغ",
    "chittoor": "مقاطعة جيتور",
    "moradabad": "مراد أباد",
    "mahoba": "ماهوبا",
    "maharajganj": "ماهراججاني",
    "mandya": "مانديا",
    "mandla": "ماندلا",
    "mandsaur": "ماندسور",
    "mainpuri": "مانبوري",
    "mamit": "ماميت",
    "malkangiri": "مالكانجاري",
    "malappuram": "مالابورام",
    "mathura": "ماثورا",
    "lohardaga": "لوهاردجا",
    "lunglei": "لونجلي",
    "lawngtlai": "لونجتلي",
    "ludhiana": "لوديانا",
    "lahaul and spiti": "لهول و سبيتي",
    "lucknow": "لكناو",
    "latur": "لتور",
    "lalitpur, india": "لاليتبور",
    "kinnaur": "كينناور",
    "kohima": "كوهيما",
    "kendujhar": "كونجار",
    "kolhapur": "كولهابور",
    "kollam": "كولام",
    "kolasib": "كولاسيب",
    "kolar": "كولار",
    "kaushambi": "كوشامبي",
    "kozhikode": "كوزيكود",
    "kurukshetra": "كوروكشترا",
    "koderma": "كودرما",
    "cuddalore": "كودالور",
    "kodagu": "كوداجو",
    "cooch behar": "كوتش بيهار",
    "kutch": "كوتش",
    "kottayam": "كوتايام",
    "cuttack": "كوتاك",
    "kota": "كوتا",
    "koppal": "كوبال",
    "kasganj": "كنشاي رام نجر",
    "kendrapara": "كندرابارا",
    "krishna": "كريشنا",
    "kurnool": "كرنول",
    "kannur": "كانور",
    "kannauj": "كانواج",
    "kandhamal": "كاندامال",
    "kangra": "كانجرا",
    "kolkata": "كلكتا",
    "kalahandi": "كالاهاندي",
    "kasaragod": "كاساراجود",
    "karaikal": "كاريكال",
    "kargil": "كارجيل",
    "karbi anglong": "كاربي انجلونج",
    "karauli": "كاراولي",
    "katni": "كاتني",
    "cachar": "كاتشار",
    "kapurthala": "كابورتهالا",
    "firozpur": "فيروزبور",
    "firozabad": "فيروز أباد",
    "vidisha": "فيديشا",
    "farrukhabad": "فرروخاباد",
    "faizabad": "فايز أباد",
    "valsad": "فالساد",
    "fazilka": "فازيلكا",
    "faridkot": "فاريدكوت",
    "varanasi": "فاراناسي",
    "fatehgarh sahib": "فاتهجره صاحب",
    "fatehpur": "فاتح بور",
    "guna": "غونا",
    "gurdaspur": "غورداسبور",
    "khargone": "غرب نيمار",
    "west kameng": "غرب كامنج",
    "west champaran": "غرب شامبران",
    "west singhbhum": "غرب سينغبوم",
    "west sikkim": "غرب سيكيم",
    "west siang": "غرب سيانغ",
    "west godavari": "غرب جودافاري",
    "west khasi hills": "غرب خاسي هيلز",
    "west tripura": "غرب تريبورا",
    "ghaziabad, india": "غازي",
    "umaria": "عماريا",
    "aligarh": "عليكره",
    "mumbai suburban": "مومباي",
    "namakkal": "نامكل",
    "nagapattinam": "ناغاباتنم",
    "madurai": "مادوراي",
    "coimbatore": "كويمباتور",
    "kanyakumari": "كنياكماري",
    "karur": "كرور",
    "kanchipuram": "كانتشيبورام",
    "viluppuram": "فيلوبورام",
    "virudhunagar": "فيرودناغار",
    "vellore": "فلور",
    "sivaganga": "سيفغانغا",
    "salem": "سالم",
    "ramanathapuram": "رامانتبورم",
    "theni": "ثيني",
    "thoothukudi": "ثوثكدي",
    "tiruvallur": "تيروفللور",
    "tiruvannamalai": "تيروفانمالي",
    "tiruvarur": "تيروفارور",
    "chennai": "تشيناي",
    "perambalur": "بيرمبالور",
    "pudukkottai": "بودوكوتتي",
    "palakkad": "بلكاد",
    "ariyalur": "أريلور",
    "erode": "إيرود",
    "shimoga": "شيموجا",
    "chikkamagaluru": "شيكماجالور",
    "chikkaballapur": "شيكابالابور",
    "shivpuri": "شيفبوري",
    "chittorgarh": "شيتورغاره",
    "chitrakoot": "شيتراكووت",
    "chitradurga": "شيترادورجا",
    "sheopur": "شيبور",
    "churu": "شورو",
    "churachandpur": "شوراشاندبور",
    "shahjahanpur": "شهجهنبور",
    "chhatarpur": "شهاتربور",
    "north sikkim": "شمال سيكيم",
    "north goa": "شمال جوا",
    "north 24 parganas": "شمال بارجانس",
    "khandwa": "شرق نيمار",
    "east kameng": "شرق كامنج",
    "east khasi hills": "شرق كازي هيلز",
    "east garo hills": "شرق غارو هيلز",
    "east champaran": "شرق شامبران",
    "east singhbhum": "شرق سينغبوم",
    "east sikkim": "شرق سيكيم",
    "east siang": "شرق سيانغ",
    "east delhi": "شرق دلهي",
    "east godavari": "شرق جودافارى",
    "shravasti": "شرفاستي",
    "shahdol": "شاههدول",
    "chandigarh": "شانديغار",
    "chandauli": "شاندولي",
    "chandel": "شاندل",
    "chandrapur": "شاندربور",
    "chamoli": "شامولي",
    "champhai": "شامفي",
    "champawat": "شامبوات",
    "shajapur": "شاجبور",
    "amethi": "أميتي",
    "seoni": "سيوني",
    "sehore": "سيهوري",
    "sindhudurg": "سيندهودورج",
    "singrauli": "سينجرولي",
    "senapati": "سيناباتي",
    "sikar": "سيكار",
    "sirohi": "سيروهي",
    "seraikela kharsawan": "سيركلا خرسوان",
    "serchhip": "سيرشيب",
    "sidhi": "سيدهي",
    "siddharthnagar": "سيدهارتنجار",
    "sitapur": "سيتابور",
    "upper siang": "سيانغ علوية",
    "sonitpur": "سونيت بور",
    "subarnapur": "سونيبور",
    "sonbhadra": "سونبادرا",
    "solapur": "سولابور",
    "sundergarh": "سندرجاره",
    "sultanpur": "سلطان بور",
    "lower subansiri": "سبانسيري المنخفضة",
    "upper subansiri": "سبانسيري العلوية",
    "saharanpur": "ساهرانبور",
    "sangrur": "سانجرور",
    "sangli": "سانجالي",
    "sant kabir nagar": "سانت كبير نجر",
    "bhadohi": "سانت رافيدس نجر",
    "sambalpur": "سامبالبور",
    "samba": "سامبا",
    "sagar": "ساجار",
    "satna": "ساتنا",
    "satara": "ساتارا",
    "sabarkantha": "ساباركانتا",
    "zunheboto": "زونهيبوتو",
    "rewa": "ريوا",
    "ri-bhoi": "ري بهوي",
    "rudraprayag": "رودربرياج",
    "rupnagar": "روبنجار",
    "raebareli": "ربرلي",
    "raichur": "رايشور",
    "raisen": "رايسان",
    "rayagada": "رايجادا",
    "ranchi": "رانشي",
    "ranga reddy": "رانجاردي",
    "ramgarh": "رامجره",
    "rampur": "رامبور",
    "ramanagara": "رامانجارا",
    "kanpur dehat": "راماباي نجار",
    "rajsamand": "راجسماند",
    "rajgarh": "راجارا",
    "ratnagiri": "راتنجاري",
    "ratlam": "راتلام",
    "debagarh": "ديوغاره",
    "dindigul": "دينديجول",
    "dindori": "ديندوري",
    "dimapur": "ديمابور",
    "dima hasao": "ديما هاسو",
    "dholpur": "دولبور",
    "deoria": "دوراي",
    "dewas": "دواس",
    "dhule": "دهولي",
    "dharwad": "دهرواد",
    "dehradun": "دهرادون",
    "dhalai": "دهالي",
    "dharmapuri": "دهارمبوري",
    "dhenkanal": "دنكانال",
    "davanagere": "دفانجاري",
    "dausa": "داوسا",
    "damoh": "داموه",
    "dakshina kannada": "داكشينا الكانادا",
    "dakshin dinajpur": "داكشين ديناجبور",
    "darrang": "دارانغ",
    "dadra and nagar haveli": "دادرا وناجار هافلي",
    "datia": "داتيا",
    "hassan": "حسن",
    "gondia": "جونديا",
    "gonda": "جوندا",
    "gumla": "جوملا",
    "gulbarga": "جولبارجا",
    "gorakhpur": "جوراخبور",
    "godda": "جوددا",
    "jodhpur": "جودبور",
    "gautam buddh nagar": "جوتام بوذا نجر",
    "gopalganj, india": "جوبالجانج",
    "jaunpur": "جوانبور",
    "gwalior": "جواليور",
    "jhunjhunu": "جهونجنو",
    "jharsuguda": "جهرجودا",
    "jhalawar": "جهالورا",
    "south goa": "جنوب غوا",
    "south garo hills": "جنوب غارو هيلز",
    "south sikkim": "جنوب سيكيم",
    "south tripura": "جنوب تريبورا",
    "jabalpur": "جبلبور",
    "jaisalmer": "جايسالمر",
    "jaipur": "جايبور",
    "jhansi": "جانسى",
    "janjgir-champa": "جانجير تشامبا",
    "sri ganganagar": "جانجانجار",
    "west jaintia hills": "جانتي هيلز",
    "jalore": "جالوري",
    "jalna": "جالنا",
    "jalgaon": "جالجاون",
    "jalpaiguri": "جالبيجوري",
    "jalandhar": "جالاندهار",
    "jashpur": "جاشبور",
    "ghazipur": "جازيبور",
    "gadchiroli": "جادشيرولي",
    "gadag": "جاداج",
    "jagatsinghpur": "جاجتسنغور",
    "gajapati": "جاجاباتى",
    "jhabua": "جابوا",
    "thane": "ثين",
    "thiruvananthapuram": "ثيروفانانثابورام",
    "thoubal": "ثوبال",
    "thrissur": "ثريسور",
    "thanjavur": "ثانجافور",
    "tehri garhwal": "تيهري جروال",
    "tikamgarh": "تيكامجاره",
    "tirunelveli": "تيرونلفلي",
    "tiruchirappalli": "تيروتشيرابالي",
    "tonk": "تونك",
    "tuensang": "تونسانج",
    "chhindwara": "تشهيندوارا",
    "north tripura": "شمال تريبورا",
    "tamenglong": "تامنجلونج",
    "tarn taran": "تارن تاران",
    "beed": "بييد",
    "pune": "بيون",
    "phek": "بيهك",
    "pilibhit": "بيليبت",
    "bikaner": "بيكانير",
    "bishnupur": "بيشنوبور",
    "peren": "بيرن (الهند)",
    "bidar": "بيدار",
    "bijnor": "بيجنور",
    "bijapur, chhattisgarh": "بيجابور",
    "betul": "بيتول",
    "pithoragarh": "بيتورجره",
    "puducherry": "بونديشيري",
    "bundi": "بوندي",
    "buldhana": "بولدهانا",
    "bulandshahr": "بولاندشاهر",
    "pauri garhwal": "بوري جرهوال",
    "puri": "بوري",
    "purulia": "بوروليا",
    "boudh": "بوده",
    "budaun": "بودان",
    "bhopal": "بوبال",
    "purba medinipur": "بوبا مدينبور",
    "bhind": "بهيند",
    "bhilwara": "بهيلوارا",
    "bhandara": "بهاندارا",
    "bharatpur": "بهاراتبور",
    "bangalore rural": "بنغالور الريف",
    "bangalore urban": "بنغالور الحضرية",
    "bellary": "بلري",
    "belgaum": "بلجاوم",
    "barwani": "برواني",
    "burhanpur": "برهانبور",
    "birbhum": "بربوم",
    "pratapgarh, uttar pradesh": "براتبجرا (أتر برديش)",
    "pratapgarh, rajasthan": "براتبجرا",
    "bahraich": "باهرايش",
    "bankura": "بانكورا",
    "panchmahal": "بانشمال",
    "banswara": "بانسوارا",
    "banda": "باندا",
    "banaskantha": "باناسكانتا",
    "panna": "بانا",
    "ballia": "باليا",
    "pali": "بالي",
    "balrampur": "بالرامبور",
    "balangir": "بالانجير",
    "palamu": "بالامو",
    "balaghat": "بالاغات",
    "balasore": "بالاسور",
    "pakur": "باكور",
    "paschim medinipur": "باشيم مدينبور",
    "basti": "باسطي",
    "bareilly": "باريلي",
    "barnala": "بارنالا",
    "barmer": "بارمر",
    "bargarh": "بارجاره",
    "parbhani": "باربهاني",
    "barpeta": "باربتا",
    "baran": "باران",
    "barabanki": "بارابانكي",
    "bhadrak": "بادراك",
    "bageshwar": "باجشاور",
    "bagpat": "باجبات",
    "bagalkot": "باجالكوت",
    "bathinda": "باثيندا",
    "pathankot": "باثانكوت",
    "pathanamthitta": "باثانامثيتا",
    "patiala": "باتيالا",
    "patan": "باتان",
    "papum pare": "بابوم باري",
    "aurangabad, bihar": "أورانجاباد (بيهار)",
    "ukhrul": "أوخارول",
    "amroha": "أمروها",
    "ambedkar nagar": "أمبيدكار نجر",
    "vaishali": "أكشاي",
    "azamgarh": "أعظم كره",
    "ashoknagar": "أشوك نجر",
    "udaipur": "أحياء أودايبور",
    "ahmednagar": "أحمد نجر",
    "ahmedabad": "أحمد أباد",
    "ajmer": "أجمر",
    "imphal west": "ايمفال غرب",
    "imphal east": "ايمفال شرق",
    "aizawl": "ايزاول",
    "etawah": "ايتواه",
    "etah": "ايتاه",
    "unnao": "اوناو",
    "auraiya": "اورايا",
    "udupi": "اودوبي",
    "udhampur": "اودهامبور",
    "udham singh nagar": "اودهام سينغ نجر",
    "ujjain": "اوجاين",
    "uttarkashi": "اوتراكشي",
    "uttar dinajpur": "اوتار ديناجبور",
    "anuppur": "انوبور",
    "indore": "اندور",
    "angul": "انجول",
    "amritsar": "امريتسار",
    "amreli": "امرالي",
    "amravati": "امرافاتي",
    "alirajpur": "اليرجيبور",
    "alwar": "الوار",
    "almora": "المورا",
    "allahabad": "الله أباد",
    "alappuzha": "الابوزها",
    "lakhimpur kheri": "اكيمبور",
    "akola": "اكولا",
    "idukki": "ادوكي",
    "anantapur": "أنانتابور",
    "agra": "أغرا",
    "arwal": "أروال",
    "aravalli": "أرافالي",
    "araria": "أراريا",
    "anand": "أناند",
    "anantnag": "أنانتناغ",
    "agar malwa": "آغار ملوى",
    "anjaw": "أنجاو",
    "ambala": "أمبالا",
    "yamunanagar": "ياموناناغار",
    "yadadri bhuvanagiri": "يادادري بوفاناجيري",
    "wanaparthy": "وانابارثي",
    "warangal (rural)": "وارانغال (الريفية)",
    "warangal (urban)": "وارانغال (الحضرية)",
    "lower dibang valley": "وادي ديبانغ السفلى",
    "hooghly": "هولي",
    "hojai": "هوجاي",
    "hailakandi": "هايلاكاندي",
    "hamirpur, himachal pradesh": "هاميربور (هيمشال براديش)",
    "hamirpur, uttar pradesh": "هاميربور (أوتار براديش)",
    "hapur": "هابور",
    "new delhi": "نيودلهي",
    "nellore": "نيلور",
    "nilgiris": "نيلجيريس",
    "nicobar": "نيكوبار",
    "nizamabad": "نيزاماباد",
    "nirmal": "نيرمال",
    "noney": "نوني",
    "nawada": "نوادا",
    "namsai": "نامساي",
    "nalgonda": "نالغوندا",
    "nalbari": "نالباري",
    "nalanda": "نالاندا",
    "navsari": "نافساري",
    "nagaon": "ناغون",
    "nagarkurnool": "ناغاركرنول",
    "narmada": "نارمادا",
    "medchal–malkajgiri": "ميدشال-مالكاججيري",
    "medak": "ميداك",
    "mungeli": "مونجيلي",
    "munger": "مونجر",
    "muzaffarnagar": "موزفرناجار",
    "muzaffarpur": "موزافاربور",
    "morigaon": "موريغاون",
    "murshidabad": "مورشيداباد",
    "morbi": "موربي",
    "mewat": "موات",
    "mehsana": "مهسانا",
    "mahbubnagar": "مهبوبناغار",
    "mahasamund": "مهاساموند",
    "mumbai city": "مدينة مومباي",
    "mayurbhanj": "مايوربانج",
    "mau": "ماو",
    "mahisagar": "ماهيساغار",
    "mahendragarh": "ماهندراغاره",
    "mahabubabad": "ماهابوباباد",
    "mahe": "ماه",
    "mancherial": "مانشريال",
    "mansa, india": "مانزا (الهند)",
    "malda": "مالدا",
    "madhubani": "مادوباني",
    "madhepura": "مادهيبورا",
    "majuli": "ماجولي",
    "leh": "ليه",
    "lohit": "لوهيت",
    "longleng": "لونغلنغ",
    "longding": "لونغدينغ",
    "lakhisarai": "لكيزاراي",
    "lakhimpur": "لاكيمبور",
    "lakshadweep": "لاكشادويب",
    "latehar": "لاتيهار",
    "kaimur": "كيمور",
    "kiphire": "كيفير",
    "kishtwar": "كيشتوار",
    "kishanganj": "كيشانغانج",
    "kaithal": "كيثال",
    "kondagaon": "كونداغون",
    "kumaram bheem asifabad": "كومار بهيم",
    "kullu": "كولو",
    "kulgam": "كولغام",
    "kokrajhar": "كوكراجهار",
    "kushinagar": "كوشيناغار",
    "koriya": "كوريا (الهند)",
    "kurung kumey": "كورونغ كومي",
    "koraput": "كورابوت",
    "kupwara": "كوبوارا",
    "krishnagiri": "كريشناجيري",
    "kra daadi": "كرا دادي",
    "kanker": "كانكر",
    "kangpokpi": "كانغبوكبي",
    "kanpur": "كانبور",
    "kamrup metropolitan": "كامروب متروبوليتان",
    "kamrup": "كامروب",
    "kamjong": "كامجونغ",
    "kamareddy": "كاماريدي",
    "kakching": "كاكشينغ",
    "karimnagar": "كاريمناغار",
    "karimganj": "كاريمجانج",
    "karnal": "كارنال",
    "kadapa": "كادابا",
    "kathua": "كاثوا",
    "katihar": "كاتيهار",
    "kabirdham": "كابيردهام",
    "korba": "قضاء الكربة",
    "vikarabad": "فيكاراباد",
    "visakhapatnam": "فيساكاباتنام",
    "vizianagaram": "فيزينجارم",
    "pherzawl": "فيرزاول",
    "faridabad": "فريداباد",
    "vadodara": "فادودارا",
    "fatehabad": "فاتحباد",
    "guntur": "غونتير",
    "gomati": "غوماتي",
    "golaghat": "غولاغات",
    "goalpara": "غوالبارا",
    "west garo hills": "غرب غارو هيلز",
    "west delhi": "غرب دلهي",
    "gandhinagar": "غانديناغار",
    "ganderbal": "غاندربال",
    "ganjam": "غانجام",
    "gariaband": "غارياباند",
    "garhwa": "غارهوا",
    "osmanabad": "عثمان آباد",
    "sheohar": "شيوهار",
    "shimla": "شيملا",
    "sheikhpura": "شيخ بورا",
    "shopian": "شوبيان",
    "shahid bhagat singh nagar": "شهيد بهجت سنجار ناجر",
    "shahdara": "شهدارا",
    "north and middle andaman": "شمال ووسط أندمان",
    "north west delhi": "شمال غرب دلهي",
    "north garo hills": "شمال غارو هيلز",
    "north east delhi": "شمال شرق دلهي",
    "north delhi": "شمال دلهي",
    "east jaintia hills": "شرق جينتيا هيلز",
    "shamli": "شاملي",
    "charkhi dadri": "شارخي دادري",
    "charaideo": "شارايديو",
    "siwan": "سيوان",
    "saiha": "سيها",
    "simdega": "سيمديجا",
    "sivasagar": "سيفاساجار",
    "sirmaur": "سيرمور",
    "sirsa": "سيرسا",
    "siddipet": "سيديبيت",
    "sitamarhi": "سيتامارهي",
    "sipahijala": "سيباهيجالا",
    "lower siang": "سيانغ السفلى",
    "siang": "سيانغ",
    "sonipat": "سونيبات",
    "suryapet": "سونابيت",
    "solan": "سولان",
    "sukma": "سوكما",
    "surendranagar": "سوريندراناغار",
    "surajpur": "سوراجبور",
    "surat": "سورات",
    "supaul": "سوبول",
    "srinagar": "سريناجار",
    "srikakulam": "سريكاكولام",
    "surguja": "سروجا",
    "sawai madhopur": "ساواي مادوبور",
    "sahibzada ajit singh nagar": "ساهبزادا أجيت سينغ ناجر",
    "sahibganj": "ساهبجانج",
    "saharsa": "ساهارسا",
    "sangareddy": "سانجاريدي",
    "sambhal": "سامبال",
    "samastipur": "ساماستيبور",
    "saran": "ساران",
    "rewari": "ريوارى",
    "raigad": "ريجاد",
    "reasi": "رياسي",
    "rohtak": "روهتاك",
    "rohtas": "روهتاس",
    "ramban": "رمبان",
    "raipur": "رايبور",
    "rajouri": "راجوري",
    "rajnandgaon": "راجناندجاون",
    "rajkot": "راجكوت",
    "rajanna sircilla": "راجانا سيرسيلا",
    "dhamtari": "ذمارى",
    "deoghar": "ديوغار",
    "diu": "ديو",
    "dhemaji": "ديماجي",
    "dibrugarh": "ديبروجاره",
    "dungarpur": "دونغاربور",
    "dumka": "دومكا",
    "durg": "دورغ",
    "doda": "دودا",
    "dhubri": "دوبري",
    "dhar": "دهار",
    "dhanbad": "دنباد",
    "dahod": "داهود",
    "dang": "دانغ",
    "dantewada": "دانتيوادا",
    "daman, india": "دامان (الهند)",
    "darbhanga": "داربانغا",
    "kheda": "خيدا",
    "khammam": "خمام",
    "khordha": "خفدا",
    "khowai": "خاوا",
    "khagaria": "خاجريا",
    "hyderabad, india": "حيدر أباد (الهند)",
    "hisar": "حشار",
    "jind": "جيند",
    "giridih": "جيريديه",
    "jiribam": "جيريبام",
    "gir somnath": "جير سومناث",
    "junagadh": "جوناغاد",
    "jogulamba gadwal": "جوغولامبا جادوال",
    "jorhat": "جورهات",
    "gurgaon": "جورجاون",
    "jehanabad": "جهان آباد",
    "south west garo hills": "جنوب غرب غارو هيلز",
    "south west khasi hills": "جنوب غرب خاسي هيلز",
    "south west delhi": "جنوب غرب",
    "south east delhi": "جنوب شرق دلهي",
    "south salmara-mankachar": "جنوب سالمارا مانكاشار",
    "south delhi": "جنوب دلهي",
    "south andaman": "جنوب أندامان",
    "south 24 parganas": "جنوب 24 بارغاناس",
    "jhajjar": "ججار",
    "jayashankar": "جاياشانكار",
    "gaya": "جايا",
    "jangaon": "جانغاون",
    "jamui": "جاموي",
    "jamnagar": "جامناجار",
    "jamtara": "جامتارا",
    "jammu": "جامبو",
    "jalaun": "جالاون",
    "jagtial": "جاغتيال",
    "jajpur": "جاجبور",
    "tinsukia": "تينسوكيا",
    "tirupur": "تيروبور",
    "tirap": "تيراب",
    "tumkur": "تومكور",
    "tengnoupal": "تنغوبال",
    "chirang": "تشيرانغ",
    "chhota udaipur": "تشوتا أودايبور",
    "changlang": "تشانغلانغ",
    "chamba": "تشامبا",
    "chamarajanagar": "تشاماراجاناغار",
    "chatra": "تشاترا",
    "tawang": "تاوانغ",
    "tapi": "تابي",
    "bemetara": "بيميتارا",
    "bilaspur, himachal pradesh": "بيلاسبور (هيماشال براديش)",
    "bilaspur, chhattisgarh": "بيلاسبور (تشاتيسغاره)",
    "begusarai": "بيغوساراي",
    "biswanath": "بيسواناث",
    "peddapalli": "بيدابالي",
    "bijapur, karnataka": "بيجابور (كارناتاكا)",
    "bongaigaon": "بونغايغاون",
    "poonch, india": "بونش",
    "pulwama": "بولواما",
    "buxar": "بوكسار",
    "bokaro": "بوكارو",
    "purnia": "بورنيا",
    "porbandar": "بورباندار",
    "budgam": "بودجام",
    "bhojpur, india": "بوجبور (الهند)",
    "botad": "بوتاد",
    "bhiwani": "بهيواني",
    "bhavnagar": "بهافناغار",
    "bhagalpur": "بهاغالبور",
    "bharuch": "بهاروش",
    "bhadradri kothagudem": "بهادرادري كوثاغوديم",
    "khunti": "برام",
    "prakasam": "براكسام",
    "panipat": "بانيبات",
    "banka": "بانكا",
    "panchkula": "بانشكولا",
    "bandipora": "بانديبورا",
    "baloda bazar": "بالودا بازار",
    "balod": "بالود",
    "palwal": "بالوال",
    "palghar": "بالغار",
    "balrampur, chhattisgarh": "بالرامبور (تشاتيسغاره)",
    "baksa": "باكسا",
    "bastar": "باستار",
    "baramulla": "بارامولا",
    "patna": "باتنا",
    "unakoti": "أوناكوتي",
    "una": "أونا",
    "aurangabad, maharashtra": "أورانغباد (مهاراشترا)",
    "udalguri": "أودالغوري",
    "uttara kannada": "أوتارا كانادا",
    "alipurduar": "أليبوردوار",
    "adilabad": "أديلاباد",
    "ernakulam": "إرناكولام",
    "mandi": "مندي",
    "raigarh": "ريجاره"
}