{
    "time travel": "السفر عبر الزمن",
    "beirut governorate": "محافظة بيروت",
    "nabatieh governorate": "محافظة النبطية",
    "beqaa governorate": "محافظة البقاع",
    "north governorate": "محافظة الشمال",
    "mount lebanon governorate": "محافظة جبل لبنان",
    "baabda district": "قضاء بعبدا",
    "zgharta district": "قضاء زغرتا",
    "matn district": "قضاء المتن",
    "batroun district": "قضاء البترون",
    "aley district": "قضاء عاليه",
    "chouf district": "قضاء الشوف",
    "keserwan district": "قضاء كسروان",
    "nabatieh district": "قضاء النبطية",
    "jbeil district": "قضاء جبيل",
    "akkar district": "قضاء عكار",
    "tyre district": "قضاء صور",
    "sidon district": "قضاء صيدا",
    "jezzine district": "قضاء جزين",
    "baalbek district": "قضاء بعلبك",
    "rashaya district": "قضاء راشيا",
    "bsharri district": "قضاء بشري",
    "miniyeh-danniyeh district": "قضاء الضنية",
    "marjeyoun district": "قضاء مرجعيون",
    "western beqaa district": "قضاء البقاع الغربي",
    "hasbaya district": "قضاء حاصبيا",
    "koura district": "قضاء الكورة",
    "hermel district": "قضاء الهرمل",
    "tripoli district": "قضاء طرابلس",
    "bint jbeil district": "قضاء بنت جبيل",
    "zahlé district": "قضاء زحلة",
    "baabda": "بعبدا",
    "zgharta": "زغرتا",
    "matn": "المتن",
    "batroun": "البترون",
    "aley": "عاليه",
    "chouf": "الشوف",
    "keserwan": "كسروان",
    "nabatieh": "النبطية",
    "jbeil": "جبيل",
    "akkar": "عكار",
    "tyre": "صور",
    "sidon": "صيدا",
    "jezzine": "جزين",
    "baalbek": "بعلبك",
    "rashaya": "راشيا",
    "bsharri": "بشري",
    "miniyeh-danniyeh": "الضنية",
    "marjeyoun": "مرجعيون",
    "western beqaa": "البقاع الغربي",
    "hasbaya": "حاصبيا",
    "koura": "الكورة",
    "hermel": "الهرمل",
    "tripoli": "طرابلس",
    "bint jbeil": "بنت جبيل",
    "zahlé": "زحلة",
    "warmian-masurian voivodeship": "محافظة فارميا-مازوريا",
    "west pomeranian voivodeship": "محافظة غرب بوميرانيا",
    "pomeranian voivodeship": "محافظة بوميرانيا",
    "masovian voivodeship": "محافظة مازوفيا",
    "podkarpackie voivodeship": "محافظة بودكارباتسكي",
    "kuyavian-pomeranian voivodeship": "محافظة كويافيا-بوميرانيا",
    "łódź voivodeship": "محافظة وودج",
    "opole voivodeship": "محافظة أوبولي",
    "lubusz voivodeship": "محافظة لوبوسكي",
    "lesser poland voivodeship": "محافظة بولندا الصغرى",
    "lower silesian voivodeship": "محافظة سيليزيا السفلى",
    "podlaskie voivodeship": "محافظة بودلاسكي",
    "greater poland voivodeship": "محافظة بولندا الكبرى",
    "lublin voivodeship": "محافظة لوبلين",
    "świętokrzyskie voivodeship": "محافظة شفينتوكشيسكي",
    "silesian voivodeship": "محافظة سيليزيا",
    "évora district": "محافظة إيفورا",
    "faro district": "محافظة فارو",
    "guarda district": "محافظة غواردا",
    "jablanica district": "محافظة يابلانيكا",
    "leiria district": "محافظة ليريا",
    "lisbon district": "محافظة لشبونة",
    "coimbra district": "محافظة كويمبرا",
    "castelo branco district": "محافظة كاستيلو برانكو",
    "braga district": "محافظة براغا",
    "bragança district": "محافظة براغانزا",
    "beja district": "محافظة بيجا",
    "aveiro district": "محافظة أفييرو",
    "portalegre district": "محافظة بورتاليجري",
    "porto district": "محافظة بورتو",
    "santarém district": "محافظة سانتاريم",
    "setúbal district": "محافظة سيتوبال",
    "vila real district": "محافظة فيلا ريال",
    "viseu district": "محافظة فيسيو",
    "viana do castelo district": "محافظة فيانادو كاستيلو",
    "leribe district": "مقاطعة لريب",
    "kosovska mitrovica district": "مقاطعة كوسوفسكا ميتروفيتشا",
    "kolubara district": "مقاطعة كولوبارا",
    "maseru district": "مقاطعة ماسيرو",
    "mafeteng district": "مقاطعة مافتنغ",
    "denguélé district": "مقاطعة دينغويلي",
    "central banat district": "مقاطعة سنترال بانات",
    "butha-buthe district": "مقاطعة بوثا-بوث",
    "bor district": "مقاطعة بور",
    "braničevo district": "مقاطعة برانيتشيفو",
    "berea district": "مقاطعة بيريا",
    "bas-sassandra district": "مقاطعة باس-ساساندرا",
    "mačva district": "مقاطعة ماتشفا",
    "mohale's hoek district": "مقاطعة موهيلز هوك",
    "mokhotlong district": "مقاطعة موخوتلنغ",
    "moravica district": "مقاطعة مورافيكا",
    "nišava district": "مقاطعة نيشافا",
    "north bačka district": "مقاطعة شمال باكشتا",
    "north banat district": "شمال مقاطعة بانات",
    "pomoravlje district": "مقاطعة بومورافليه",
    "pristina district": "مقاطعة بريشتينا",
    "prizren district": "مقاطعة بريزرن",
    "qacha's nek district": "مقاطعة قاخاز نك",
    "quthing district": "مقاطعة قوثنغ",
    "rasina district": "مقاطعة راسينا",
    "raška district": "مقاطعة راشكا",
    "savanes district": "مقاطعة سافانس",
    "south bačka district": "مقاطعة جنوب باتشكا",
    "south banat district": "مقاطعة جنوب بانات",
    "srem district": "مقاطعة سريم",
    "šumadija district": "مقاطعة شوماديا",
    "thaba-tseka district": "مقاطعة ثابا-تسيكا",
    "toplica district": "مقاطعة توبليكا",
    "uroševac district": "مقاطعة فريزاي",
    "west bačka district": "مقاطعة غرب باكشتا",
    "zlatibor district": "مقاطعة زلاتيبور",
    "zaječar district": "مقاطعة زاييتشار",
    "vallée du bandama district": "مقاطعة فالي دو باندما",
    "pčinja district": "مقاطعة باتشبنيا",
    "peć district": "مقاطعة بيتش",
    "pirot district": "مقاطعة بيروت",
    "podunavlje district": "مقاطعة بودونافلي",
    "vientiane province": "محافظة فيينتيان",
    "ngounié province": "محافظة نغوني",
    "ituri province": "إدارة إيتوري المؤقتة",
    "luapula province": "محافظة لوابولا",
    "dong thap province": "محافظة دون تاب",
    "luang namtha province": "محافظة لوانغ نامثا",
    "phongsaly province": "محافظة فونغ سالي",
    "bokeo province": "محافظة بوكيو",
    "sainyabuli province": "محافظة سايذيبولي",
    "khammouane province": "محافظة خامواني",
    "savannakhet province": "محافظة سافاناكيت",
    "muchinga province": "محافظة موتشينغا",
    "oudomxay province": "محافظة أودومكساي",
    "bolikhamsai province": "محافظة بوليخاماسي",
    "ogooué-ivindo province": "محافظة أوغووي - إيفيندو",
    "houaphanh province": "محافظة هوا فان",
    "mayabeque province": "محافظة مايابيك",
    "luang prabang province": "محافظة لوانغ برابانغ",
    "faryab province": "ولاية فارياب",
    "moyen-ogooué province": "محافظة موين - أوغووي",
    "villa clara province": "محافظة فيلا كلارا",
    "huíla province": "محافظة هويلا",
    "champasak province": "محافظة تشامباساك",
    "xiangkhouang province": "محافظة زيانغهوانغ",
    "pinar del río province": "محافظة بينار ديل ريو",
    "south hamgyong province": "محافظة هامغيونغ الجنوبية",
    "estuaire province": "محافظة إيستوير",
    "ciego de ávila province": "محافظة سيغو دي أفيلا",
    "attapeu province": "محافظة أتابيو",
    "north hamgyong province": "منطقة شمال هامغيونغ",
    "haut-ogooué province": "محافظة هوت أوغويه",
    "nyanga province": "محافظة نيانغا",
    "sekong province": "محافظة سيكونغ",
    "shefa province": "محافظة شيفا",
    "catamarca province": "محافظة كاتاماركا",
    "chuuk state": "ولاية تشوك",
    "pohnpei state": "ولاية بوهنبي",
    "diourbel region": "إقليم ديوربيل",
    "manyara region": "إقليم مانيارا",
    "mwanza region": "إقليم موانزا",
    "diffa region": "منطقة ديفا",
    "junín region": "إقليم جونين",
    "tambacounda region": "إقليم تامباكوندا",
    "khomas region": "إقليم خوماس",
    "moravian-silesian region": "إقليم مورافيا-سيليزيا",
    "south pemba region": "إقليم جنوب بيمبا",
    "south moravian region": "محافظة مورافيا الجنوبية",
    "tagant region": "ولاية تكانت",
    "oshikoto region": "إقليم أوشيكوتو",
    "hardap region": "إقليم هارداب",
    "geita region": "إقليم جيتا",
    "ayacucho region": "إقليم أياكوتشو",
    "guidimaka region": "ولاية غيديماغا",
    "lambayeque region": "إقليم لمباييكه",
    "tiris zemmour region": "ولاية تيرس زمور",
    "hradec králové region": "إقليم هرادتس كرالوفه",
    "áncash region": "منطقة أنكاش",
    "shinyanga region": "إقليم شينيانغا",
    "hodh ech chargui region": "ولاية الحوض الشرقي",
    "zanzibar north region": "إقليم شمال زنجبار",
    "hodh el gharbi region": "ولاية الحوض الغربي",
    "assaba region": "ولاية العصابة",
    "sirdaryo region": "ولاية سرداريا",
    "south bohemia region": "إقليم جنوب بوهيميا",
    "ica region": "مقاطعة إيكا",
    "surxondaryo region": "ولاية صرخنداريا",
    "lindi region": "إقليم ليندي",
    "karas region": "إقليم كاراس",
    "huancavelica region": "إقليم هوانكافليكا",
    "ruvuma region": "إقليم روفوما",
    "vysočina region": "إقليم فيسوتشنا",
    "erongo region": "إقليم إيرونغو",
    "morogoro region": "إقليم موروغورو",
    "gorgol region": "ولاية كوركول",
    "liberec region": "إقليم ليبيريتس",
    "otjozondjupa region": "إقليم أوتجوزوندجوبا",
    "plzeň region": "إقليم بلزن",
    "namangan region": "ولاية نمنغان",
    "samarqand region": "ولاية سمرقند",
    "mbeya region": "إقليم مبيا",
    "la libertad region": "إقليم لا ليبرتاد",
    "iringa region": "إقليم إيرينغا",
    "mtwara region": "إقليم متوارا",
    "olomouc region": "إقليم أولوموتس",
    "tahoua region": "منطقة طاوة",
    "trarza region": "ولاية الترارزة",
    "omaheke region": "إقليم أوماهيكي",
    "adrar region": "ولاية أدرار",
    "rukwa region": "إقليم روكوا",
    "brakna region": "ولاية البراكنة",
    "san martín region": "إقليم سان مارتين",
    "apurímac region": "إقليم أبوريماك",
    "tabora region": "إقليم تابورا",
    "omusati region": "إقليم أوموساتي",
    "maradi region": "منطقة مارادي",
    "karlovy vary region": "إقليم كارلوفي فاري",
    "agadez region": "منطقة أغاديس",
    "tanga region": "مقاطعة تانغا",
    "brussels-capital region": "إقليم بروكسل العاصمة",
    "pardubice region": "إقليم باردوبيتسه",
    "ucayali region": "إقليم أوكايالي",
    "kilimanjaro region": "مقاطعة كليمنجارو",
    "huánuco region": "إقليم هانوكو",
    "dar es salaam region": "إقليم دار السلام",
    "tashkent region": "ولاية طشقند",
    "kagera region": "إقليم كاجيرا",
    "zinder region": "منطقة زيندر",
    "jizzakh region": "ولاية جيزك",
    "tillabéri region": "منطقة تيلابيري",
    "central bohemian region": "إقليم بوهيميا الوسطى",
    "katavi region": "إقليم كاتافي",
    "bukhara region": "ولاية بخارى",
    "north pemba region": "إقليم شمال بيمبا",
    "amazonas region": "إقليم أمازوناس",
    "arusha region": "إقليم أروشا",
    "ústí nad labem region": "إقليم أوستي ناد لابم",
    "lima region": "إقليم ليما",
    "loreto region": "إقليم لوريتو",
    "piura region": "مقاطعة بيورا",
    "inchiri region": "ولاية إينشيري",
    "moquegua region": "إقليم موكيغوا",
    "fergana region": "ولاية فرغانة",
    "pwani region": "إقليم بواني",
    "pasco region": "إقليم باسكو",
    "andijan region": "ولاية أنديجان",
    "kigoma region": "إقليم كيغوما",
    "xorazm region": "ولاية خوارزم",
    "dosso region": "منطقة دوسو",
    "oshana region": "إقليم أوشانا",
    "qashqadaryo region": "ولاية قشقداريا",
    "njombe region": "إقليم نجومبي",
    "ohangwena region": "إقليم أوهانغوينا",
    "navoiy region": "ولاية نواوي",
    "zlín region": "إقليم زلين",
    "kunene region": "اقليم كونيني",
    "madre de dios region": "اقليم مادر دي ديوس",
    "tacna region": "اقليم تاكنا",
    "mara region": "اقليم مارا",
    "simiyu region": "اقليم سيميو",
    "korçë county": "مقاطعة كورتشي",
    "durrës county": "مقاطعة دوريس",
    "lezhë county": "مقاطعة لجه",
    "fier county": "مقاطعة فيير",
    "gjirokastër county": "مقاطعة غيروكاستر",
    "berat county": "مقاطعة بيرات",
    "shkodër county": "مقاطعة شكودر",
    "kukës county": "مقاطعة كوكس",
    "dibër county": "مقاطعة ديبر",
    "vlorë county": "مقاطعة فلوره",
    "tirana county": "مقاطعة تيرانا",
    "elbasan county": "مقاطعة إلباسان",
    "zacapa department": "إدارة زاكابا",
    "quetzaltenango department": "قسم كويتزالتينانغو",
    "tumbes department": "إدارة تومبيس",
    "quiché department": "إدارة كويتشي",
    "alta verapaz department": "إدارة ألتا فيراباز",
    "suchitepéquez department": "إدارة سوشيتبيكيز",
    "jutiapa department": "إدارة خوتيابا",
    "izabal department": "إدارة إيزابال",
    "san marcos department": "إقليم سان ماركوس",
    "chimaltenango department": "إدارة تشيمالتينانغو",
    "jalapa department": "إدارة جالابا",
    "baja verapaz department": "إدارة بايا فيراباز",
    "sololá department": "إدارة سولولا",
    "guatemala department": "إدارة غواتيمالا",
    "chiquimula department": "إدارة تشيكيمولا",
    "petén department": "إدارة بيتين",
    "majšperk municipality": "بلدية ماجتشيرك",
    "bosilovo municipality": "بلدية بوسيلوفو",
    "makedonski brod municipality": "بلدية ماكيدونسكي برود",
    "kavadarci municipality": "بلدية كافادارتسي",
    "daugavpils municipality": "بلدية داوغابيلس",
    "dol pri ljubljani municipality": "بلدية دول بري ليوبلياني",
    "zajas municipality": "بلدية زاجاس",
    "dobje municipality": "بلدية دوبي",
    "grad municipality": "بلدية غراد",
    "bovec municipality": "بلدية بوفيتش",
    "rēzekne municipality": "بلدية ريزكنه",
    "novo selo municipality": "بلدية نوفو سيلو",
    "loški potok municipality": "بلدية لوتسكي بوتوك",
    "zelenikovo municipality": "بلدية زيلينيكوفو",
    "budva municipality": "بلدية بودفا",
    "jēkabpils municipality": "بلدية جوكابيلز",
    "pehčevo municipality": "بلدية بيتسيفو",
    "resen municipality": "بلدية ريسن",
    "sveti andraž v slovenskih goricah municipality": "بلدية سفيتي أندراش في سلوفينسكيخ غوريتساخ",
    "čučer-sandevo municipality": "بلدية تشوتشر سانديفو",
    "cibla municipality": "بلدية سيبلا",
    "vinica municipality": "بلدية فينيتسا",
    "ribnica na pohorju municipality": "بلدية ريبنيكا نا بوهوريو",
    "umm salal municipality": "بلدية أم صلال",
    "dolenjske toplice municipality": "بلدية دولينيسكي توبليس",
    "postojna municipality": "بلدية بوستوينا",
    "šenčur municipality": "بلدية شينتشور",
    "kičevo municipality": "بلدية كيتشيفو",
    "bogovinje municipality": "بلدية بوغوفينج",
    "saulkrasti municipality": "بلدية سولكراستي",
    "koknese municipality": "بلدية كوكنيس",
    "mojkovac municipality": "بلدية مويكوفاتش",
    "probištip municipality": "بلدية بروتشتيب",
    "hajdina municipality": "بلدية هايدينا",
    "dobrova–polhov gradec municipality": "بلدية دوبروفا بولهوف غرادك",
    "studeničani municipality": "بلدية ستودنيتشاني",
    "kobilje municipality": "بلدية كوبيليه",
    "dolneni municipality": "بلدية دولنيني",
    "čaška municipality": "بلدية تشاشكا",
    "pļaviņas municipality": "بلدية بافيواس",
    "sveti jurij ob ščavnici municipality": "بلدية سفيتي يوري في سلوفينسكيخ",
    "gostivar municipality": "بلدية غوستيفار",
    "želino municipality": "بلدية تزيلينو",
    "dobele municipality": "بلدية دوبيل",
    "pljevlja municipality": "بلدية بليفليه",
    "andrijevica municipality": "بلدية أندرييفيكا",
    "rankovce municipality": "بلدية رانكوفيتسه",
    "brocēni municipality": "بلدية بروتشني",
    "podlehnik municipality": "بلدية بودلنيك",
    "auce municipality": "بلدية أوكه",
    "gorišnica municipality": "بلدية غوريشنيكا",
    "tetovo municipality": "بلدية تيتوفو",
    "negotino municipality": "بلدية نيغوتينو",
    "radlje ob dravi municipality": "بلدية رادلي أوب درافي",
    "delčevo municipality": "بلدية ديلتشيفو",
    "juršinci municipality": "بلدية يورشينتسي",
    "rogatec municipality": "بلدية روجاتيك",
    "duplek municipality": "بلدية دوبليك",
    "vojnik municipality": "بلدية فوينيك",
    "kidričevo municipality": "بلدية كيدريتشيفو",
    "herceg novi municipality": "بلدية هرسك نوفي",
    "ohrid municipality": "بلدية أوهريد",
    "bitola municipality": "بلدية بيتولا",
    "ivančna gorica municipality": "بلدية إيفانتسا غوريكا",
    "luče municipality": "بلدية لوتشه",
    "vecpiebalga municipality": "بلدية فيكبيبالغا",
    "struga municipality": "محافظة ستروغا",
    "jezersko municipality": "بلدية جيزرسكو",
    "krivogaštani municipality": "بلدية كريفوغاشتاني",
    "strumica municipality": "بلدية ستروميتسا",
    "kočani municipality": "بلدية كوتشاني",
    "rače–fram municipality": "بلدية راتسي فرام",
    "danilovgrad municipality": "بلدية دانيلوفغراد",
    "prebold municipality": "بلدية بريبولد",
    "semič municipality": "بلدية سيميتش",
    "varakļāni municipality": "بلدية فاراكاياني",
    "gorenja vas–poljane municipality": "بلدية غورينيا فاس بوليان",
    "dornava municipality": "بلدية دورنافا",
    "horjul municipality": "بلدية هريول",
    "pesnica municipality": "بلدية بيسنيسكا",
    "oslomej municipality": "بلدية أوسلومي",
    "vaiņode municipality": "بلدية فاينود",
    "tukums municipality": "بلدية توكومز",
    "beltinci municipality": "بلدية بيلتينتسي",
    "kolašin municipality": "بلدية كولاشين",
    "podvelka municipality": "بلدية بودفيلكا",
    "brvenica municipality": "بلدية برفينيتسا",
    "cetinje municipality": "بلدية سيتينيي",
    "makedonska kamenica municipality": "بلدية ماكيدونسكا كامينيكا",
    "ludza municipality": "بلدية لودزا",
    "benedikt municipality": "بلدية بينيديكت",
    "štip municipality": "بلدية شتيب",
    "kobarid municipality": "بلدية كوباريد",
    "ulcinj municipality": "بلدية أولتسي",
    "kuzma municipality": "بلدية كوزما",
    "miren–kostanjevica municipality": "بلدية ميرين-كوسفانيفيتسا",
    "aizkraukle municipality": "بلدية إيزكروكل",
    "tabor municipality": "بلدية تابور",
    "vārkava municipality": "بلدية فاركافا",
    "podčetrtek municipality": "بلدية بودتسترتيك",
    "nikšić municipality": "بلدية نيكتسيتش",
    "cerkvenjak municipality": "بلدية سيركفنياك",
    "plav municipality": "بلدية بلاف",
    "loška dolina municipality": "بلدية لوتسكا دولينا",
    "bled municipality": "بلدية بليد",
    "lipkovo municipality": "بلدية ليبكوفو",
    "škofja loka municipality": "بلدية شكوفيا لوكا",
    "berane municipality": "بلدية بيراني",
    "gornji grad municipality": "بلدية غورني غراد",
    "markovci municipality": "بلدية ماركوفتشي",
    "češinovo-obleševo municipality": "بلدية تشيشينوفو- أبليشيفو",
    "lukovica municipality": "بلدية لوكوفيتسا",
    "alsunga municipality": "بلدية ألسونغا",
    "mavrovo and rostuša municipality": "بلدية مارفوفو و روستيشا",
    "ljubno municipality": "بلدية ليوبنو",
    "tearce municipality": "بلدية تيارس",
    "naukšēni municipality": "بلدية نوكتسيني",
    "brežice municipality": "بلدية بريجيتسه",
    "durbe municipality": "بلدية دوربه",
    "selnica ob dravi municipality": "بلدية سيلنيكا أوب درافي",
    "gulbene municipality": "بلدية غولبين",
    "lielvārde municipality": "بلدية ليلفارد",
    "dobrepolje municipality": "بلدية دوبريبوليه",
    "ilinden municipality": "بلدية إليندن",
    "debarca municipality": "بلدية ديباركا",
    "līgatne municipality": "بلدية ليغاتن",
    "debar municipality": "بلدية ديبار",
    "lozovo municipality": "بلدية لوزوفو",
    "nazarje municipality": "بلدية نازارج",
    "velika polana municipality": "بلدية فيليكا بولانا",
    "cerklje na gorenjskem municipality": "بلدية تسيركليه نا غورينيسكيم",
    "žabljak municipality": "بلدية شابلياك",
    "drugovo municipality": "بلدية دروغوفو",
    "berovo municipality": "بلدية بيروفو",
    "sveti nikole municipality": "بلدية سفيتي نيكولا",
    "valka municipality": "بلدية فالكا",
    "plužine municipality": "بلدية بلوزين",
    "aknīste municipality": "بلدية أكنيسته",
    "vipava municipality": "بلدية فيبافا",
    "jegunovce municipality": "بلدية جيغونوفس",
    "brezovica municipality": "بلدية بريزوفيتسا",
    "kratovo municipality": "بلدية كراتوفو",
    "kriva palanka municipality": "بلدية كريفا بالانكا",
    "plasnica municipality": "بلدية بلاسنيكا",
    "polzela municipality": "بلدية بولزيلا",
    "ventspils municipality": "بلدية فينتسبيلس",
    "mozirje municipality": "بلدية موزيريه",
    "bijelo polje municipality": "بلدية بييلو بولي",
    "jelgava municipality": "بلدية جيلغافا",
    "šavnik municipality": "بلدية تشافنيك",
    "prilep municipality": "بلدية بريليب",
    "rugāji municipality": "بلدية روغايا",
    "konče municipality": "بلدية كونتشه",
    "križevci municipality": "بلدية كريجيفتسي",
    "zrnovci municipality": "بلدية زرنوفتشي",
    "sopište municipality": "بلدية سوبيتشه",
    "hoče–slivnica municipality": "بلدية هوتشه-سليفنيكا",
    "hoče-slivnica municipality": "بلدية هوتشه-سليفنيكا",
    "kumanovo municipality": "بلدية كومانوفو",
    "veržej municipality": "بلدية فيرزي",
    "centar župa municipality": "بلدية سنتار جوبا",
    "braslovče municipality": "بلدية براسلوفتشه",
    "brda municipality": "بلدية بردا",
    "ig municipality": "بلدية إيغ",
    "starše municipality": "بلدية ستارتش",
    "trnovska vas municipality": "بلدية ترنوفسكا فاس",
    "pāvilosta municipality": "بلدية بافيلوستا",
    "sodražica municipality": "بلدية سودراجيتسا",
    "bar municipality": "بلدية بار",
    "dobrna municipality": "بلدية دوبرنا",
    "aračinovo municipality": "بلدية أراتسينوفو",
    "cēsis municipality": "بلدية تسيسس",
    "viļaka municipality": "بلدية فيلاكا",
    "kruševo municipality": "بلدية كروشيفو",
    "mirna peč municipality": "بلدية ميرنا بيتش",
    "naklo municipality": "بلدية ناكلو",
    "nīca municipality": "بلدية نيتسا",
    "komenda municipality": "بلدية كوميندا",
    "sveta ana municipality": "بلدية سفيتا آنا",
    "limbaži municipality": "بلدية ليمباجي",
    "smiltene municipality": "بلدية سميلتين",
    "kungota municipality": "بلدية كونغوتا",
    "kozje municipality": "بلدية كوزيه",
    "radoviš municipality": "بلدية رادوفيتش",
    "gradsko municipality": "بلدية غرادسكو",
    "al rayyan municipality": "بلدية الريان",
    "bogdanci municipality": "بلدية بوجدانسى",
    "krāslava municipality": "بلدية كراسلافا",
    "amata municipality": "بلدية أماتا",
    "al mahrah governorate": "محافظة المهرة",
    "shabwah governorate": "محافظة شبوة",
    "al batinah north governorate": "محافظة شمال الباطنة",
    "'amran governorate": "محافظة عمران",
    "muscat governorate": "محافظة مسقط",
    "ash sharqiyah north governorate": "محافظة شمال الشرقية",
    "al bayda' governorate": "محافظة البيضاء",
    "'adan governorate": "محافظة عدن",
    "dhamar governorate": "محافظة ذمار",
    "abyan governorate": "محافظة أبين",
    "al buraimi governorate": "محافظة البريمي",
    "al hudaydah governorate": "محافظة الحديدة",
    "hadhramaut governorate": "محافظة حضرموت",
    "raymah governorate": "محافظة ريمة",
    "amran governorate": "محافظة عمران",
    "south governorate": "محافظة الجنوب",
    "al batinah south governorate": "محافظة جنوب الباطنة",
    "ash sharqiyah south governorate": "محافظة جنوب الشرقية",
    "ad dhahirah governorate": "محافظة الظاهرة",
    "baalbek-hermel governorate": "محافظة بعلبك الهرمل",
    "adan governorate": "محافظة عدن",
    "dhofar governorate": "محافظة ظفار",
    "saada governorate": "محافظة صعدة",
    "al wusta governorate": "محافظة الوسطى",
    "musandam governorate": "محافظة مسندم",
    "ad dali' governorate": "محافظة الضالع",
    "ad dakhiliyah governorate": "محافظة الداخلية",
    "ariana governorate": "ولاية أريانة",
    "ben arous governorate": "ولاية بن عروس",
    "zaghouan governorate": "ولاية زغوان",
    "sfax governorate": "ولاية صفاقس",
    "tataouine governorate": "ولاية تطاوين",
    "gafsa governorate": "ولاية قفصة",
    "bizerte governorate": "ولاية بنزرت",
    "medenine governorate": "ولاية مدنين",
    "gabès governorate": "ولاية قابس",
    "eastern division": "القسم الشرقي",
    "western division": "القسم الغربي",
    "central division": "القسم المركزي",
    "northern division": "الشعبة الشمالية",
    "north bank division": "شعبة الضفة الشمالية",
    "lower river division": "شعبة النهر السفلى",
    "upper river division": "شعبة النهر العليا",
    "central river division": "شعبة النهر المركزي",
    "west coast division": "قسم الساحل الغربي"
}