{
    "abra": "أبرا",
    "abruzzo": "أبروتسو",
    "abu dhabi emirate": "إمارة أبوظبي",
    "aceh": "آتشيه",
    "agusan del norte": "أغوسان ديل نورت",
    "agusan del sur": "أغوسان ديل سور",
    "ajman emirate": "عجمان",
    "al jumaliyah": "بلدية الجميلية",
    "al khor": "الخور والدخيرة",
    "alabama": "ألاباما",
    "alaska": "ألاسكا",
    "albay": "ألباي",
    "andalusia": "منطقة أندلوسيا",
    "antique": "آنتيك",
    "aosta valley": "وادي أوستا",
    "apayao": "آبايو",
    "apulia": "بوليا",
    "araucanía and patagonia": "أراوكانيا وباتاغونيا",
    "archduchy of austria": "أرشدوقية النمسا",
    "arequipa": "مقاطعة أريكيبا",
    "arizona": "أريزونا",
    "arkansas": "أركنساس",
    "armenian kingdom of cilicia": "مملكة أرمينيا الصغرى",
    "asturias": "منطقة أستورياس",
    "attard": "عطار",
    "aurora": "أورورا",
    "austrian netherlands": "الأراضي المنخفضة النمساوية",
    "azores": "الأزور",
    "ba ria-vung tau": "مقاطعة با ريا فونج تاو",
    "balearic islands": "منطقة جزر البليار",
    "bangka belitung islands": "بانغكا - بليتونغ",
    "banjul": "بانجول",
    "basilan": "باسيلان",
    "basilicata": "بازيليكاتا",
    "basque country": "منطقة إقليم الباسك",
    "bataan": "باتان",
    "batanes": "باتانيس",
    "batangas": "باتانغاس",
    "belgian congo": "مستعمرة الكونغو البلجيكية",
    "belgrade": "بلغراد",
    "benguet": "بينغويت",
    "biliran": "بيليران",
    "binh dinh": "محافظة بنه دنه",
    "binh duong": "مقاطعة بنه ديونج",
    "binh phuoc": "محافظة بنه فوك",
    "binh thuan": "مقاطعة بنه ثوان",
    "birkirkara": "بيركيركارا",
    "birżebbuġa": "بئر زيوجة",
    "bohol": "بوهول",
    "brandenburg-prussia": "براندنبورغ بروسيا",
    "brittany": "بريتاني",
    "budapest": "بودابست",
    "bukidnon": "بوكيدنون",
    "bulacan": "بولاكان",
    "béni mellal-khénifra": "جهة بني ملال خنيفرة",
    "cagayan": "كاغايان",
    "california": "كاليفورنيا",
    "camagüey": "كاماغوي",
    "camarines norte": "كامارينز نورتي",
    "camarines sur": "كامارينس سور",
    "camiguin": "كاميغويين",
    "campania": "كامبانيا",
    "canary islands": "جزر الكناري",
    "canillo": "كانيلو",
    "cantabria": "منطقة كانتابريا",
    "cao bang": "مقاطعة كاو بانج",
    "cape verde": "الرأس الأخضر",
    "capiz": "كابيز",
    "caribbean netherlands": "الجزر الكاريبية الهولندية",
    "casablanca-settat": "جهة الدار البيضاء سطات",
    "castile and león": "منطقة قشتالة وليون",
    "castile-la mancha": "منطقة كاستيا لا مانتشا",
    "catalonia": "كتالونيا",
    "catamarca": "كاتاماركا",
    "catanduanes": "كاتاندوانه",
    "cavite": "كاويته",
    "cebu": "سيبو",
    "centre-val de loire": "سانتر-فال دو لوار",
    "chaouia-ouardigha": "الشاوية ورديغة",
    "colorado": "كولورادو",
    "community of madrid": "منطقة مدريد",
    "compostela valley": "كامبوستلا ولي",
    "connecticut": "كونيتيكت",
    "cork": "كورك",
    "corrientes": "كوريينتس",
    "corsica": "كورسيكا",
    "cotabato": "كوتاباتو",
    "county cork": "مقاطعة كورك",
    "county donegal": "مقاطعة دونيجال",
    "county dublin": "مقاطعة دبلن",
    "county galway": "مقاطعة جلوي",
    "county kildare": "مقاطعة كيلدير",
    "county laois": "مقاطعة ليش",
    "county leitrim": "مقاطعة ليتريم",
    "county limerick": "مقاطعة لمريك",
    "county mayo": "مقاطعة مايو",
    "county of holland": "مقاطعة هولندا",
    "county roscommon": "مقاطعة روسكومون",
    "county sligo": "مقاطعة سليجو",
    "crown dependencies": "ملحقات التاج البريطاني",
    "cuanza sul": "مقاطعة كوانزا سول",
    "cusco región": "إقليم كوسكو",
    "dakar": "داكار",
    "dakhlet nouadhibou": "داخلة نواذيبو",
    "danish dependencie": "التبعية الدنماركية",
    "danish dependencies": "التبعية الدنماركية",
    "davao del norte": "دافاو ديل نورت",
    "davao del sur": "دافاو ديل سور",
    "davao oriental": "دافاو أورينتال",
    "delaware": "ديلاوير",
    "donegal": "دونيجال",
    "doukkala-abda": "دكالة عبدة",
    "drenthe": "درينته",
    "drâa-tafilalet": "جهة درعة تافيلالت",
    "dublin": "دبلن",
    "duchy of austria": "دوقية النمسا",
    "duchy of berg": "دوقية برغ",
    "duchy of brabant": "دوقية برابنت",
    "duchy of brunswick-lüneburg": "دوقية براونشفايغ لونيبورغ",
    "duchy of cleves": "دوقية كليفه",
    "duchy of holstein": "دوقية هولشتاين",
    "duchy of limburg": "دوقية ليمبورغ",
    "duchy of mantua": "دوقية مانتوفا",
    "duchy of mecklenburg-schwerin": "دوقية مكلنبورغ شفيرين",
    "duchy of milan": "دوقية ميلانو",
    "duchy of parma": "دوقية بارما",
    "duchy of savoy": "دوقية سافوي",
    "duchy of saxe-altenburg": "دوقية ساكسونيا ألتنبورغ",
    "duchy of saxony": "دوقية ساكسونيا",
    "duchy of westphalia": "دوقية وستفاليا",
    "dutch caribbean": "جزر المملكة الهولندية الكاريبية",
    "east flanders": "فلاندر الشرقية",
    "east java": "جاوة الشرقية",
    "eastern samar": "سامار الشرقية",
    "electoral palatinate": "بالاتينات الانتخابية",
    "electorate of cologne": "انتخابية كولونيا",
    "electorate of hesse": "انتخابية هسن",
    "emilia-romagna": "إميليا-رومانيا",
    "emirate of dubai": "امارة دبي",
    "encamp": "انكامب",
    "england and wales": "إنجلترا وويلز",
    "england": "إنجلترا",
    "escaldes-engordany": "إسكالديس أنجوردني",
    "extremadura": "منطقة إكستريمادورا",
    "fatick": "إقليم فاتيك",
    "fgura": "فغورا",
    "flanders": "فلاندر",
    "flemish community": "مجتمع فلمنكي",
    "flevoland": "فليفولاند",
    "florida": "فلوريدا",
    "french guiana": "غويانا الفرنسية",
    "friesland": "فرايزلاند",
    "friuli–venezia giulia": "فريولي فينيتسيا جوليا",
    "fujairah": "الفجيرة",
    "fès-boulemane": "جهة فاس بولمان",
    "fès-meknès": "جهة فاس مكناس",
    "galicia": "منطقة غاليسيا",
    "galway": "جلوي",
    "gelderland": "خيلدرلند",
    "georgia": "جورجيا",
    "german-speaking community of belgium": "مجتمع بلجيكي ناطق بالألمانية",
    "gharb-chrarda-béni hssen": "الغرب شراردة بني حسين",
    "grand casablanca": "جهة الدار البيضاء الكبرى",
    "grand duchy of tuscany": "دوقية توسكانا الكبرى",
    "grand duchy of würzburg": "دوقية فورتسبورغ الكبرى",
    "groningen": "مقاطعة خرونينغن",
    "guadeloupe": "غوادلوب",
    "guelders": "خيلدرز",
    "guelmim-es semara": "كلميم السمارة",
    "guelmim-oued noun": "جهة كلميم واد نون",
    "guimaras": "غيماراس",
    "ha giang": "مقاطعة ها جيانج",
    "habsburg empire": "ملكية هابسبورغ",
    "hai duong": "مقاطعة هاي دونج",
    "hawaii": "هاواي",
    "hà tây": "مقاطعة ها تاي",
    "idaho": "أيداهو",
    "ifugao": "ايفوغايو",
    "illinois": "إلينوي",
    "ilocos norte": "إيلوكوس نورت",
    "ilocos sur": "إيلوكوس سور",
    "iloilo": "إلويلو",
    "indiana": "إنديانا",
    "iowa": "آيوا",
    "isabela": "ايزابلا",
    "jakarta": "جاكرتا",
    "jariyan al batnah": "بلدية جريان البطنة",
    "kaffrine": "اقليم كفرين",
    "kalimantan barat": "كالمنتان الغربية",
    "kalimantan selatan": "كليمنتان الجنوبية",
    "kalimantan tengah": "كالمنتان الوسطى",
    "kalimantan timur": "كالمنتان الشرقية",
    "kalinga": "كالينغا",
    "kansas": "كانساس",
    "kaolack": "كاولاك",
    "karbinci": "كاربينتسي",
    "kasaï-occidental": "كاساي الغربية",
    "kasaï-oriental": "كاساي الشرقية",
    "kentucky": "كنتاكي",
    "kepulauan riau": "جزر رياو",
    "kildare": "كيلدير",
    "kingdom of abkhazia": "مملكة أبخازيا",
    "kingdom of afghanistan": "مملكة أفغانستان",
    "kingdom of aksum": "مملكة أكسوم",
    "kingdom of albania": "مملكة ألبانيا",
    "aragon": "أرغون",
    "kingdom of aragon": "مملكة أرغون",
    "kingdom of araucanía and patagonia": "مملكة أراوكانيا وباتاغونيا",
    "kingdom of armenia": "مملكة أرمينيا",
    "kingdom of asturias": "مملكة أستورياس",
    "kingdom of awsan": "مملكة أوسان",
    "kingdom of baguirmi": "مملكة باقرمي",
    "kingdom of bavaria": "مملكة بافاريا",
    "kingdom of bernicia": "مملكة برنيسيا",
    "kingdom of bohemia": "مملكة بوهيميا",
    "kingdom of bosnia": "مملكة البوسنة",
    "kingdom of brazil": "مملكة البرازيل",
    "kingdom of bulgaria": "مملكة بلغاريا",
    "kingdom of burgundy": "مملكة بورغندي",
    "kingdom of cambodia": "مملكة كمبوديا",
    "kingdom of castile": "مملكة قشتالة",
    "kingdom of champasak": "مملكة شامباساك",
    "kingdom of commagene": "مملكة كوماجيني",
    "kingdom of croatia-slavonia": "المملكة الكرواتية السلوفينية",
    "kingdom of cyprus": "مملكة قبرص",
    "kingdom of dalmatia": "مملكة دالماسيا",
    "kingdom of deira": "مملكة ديرا",
    "kingdom of denmark": "مملكة الدنمارك",
    "kingdom of egypt": "المملكة المصرية",
    "kingdom of england": "مملكة إنجلترا",
    "kingdom of finland": "مملكة فنلندا",
    "kingdom of france": "مملكة فرنسا",
    "kingdom of galicia": "مملكة جليقية",
    "kingdom of galicia–volhynia": "إمارة غاليسيا فولينيا",
    "kingdom of georgia": "مملكة جورجيا",
    "kingdom of granada": "مملكة غرناطة",
    "kingdom of great britain": "مملكة بريطانيا العظمى",
    "kingdom of greece": "مملكة اليونان",
    "kingdom of gwynedd": "مملكة غوينيد",
    "kingdom of hanover": "مملكة هانوفر",
    "kingdom of hawaii": "مملكة هاواي",
    "kingdom of hejaz": "مملكة الحجاز",
    "kingdom of holland": "المملكة الهولندية",
    "kingdom of hungary": "مملكة المجر",
    "kingdom of iceland": "مملكة آيسلندا",
    "kingdom of imereti": "مملكة إيميريتي",
    "kingdom of iraq": "المملكة العراقية",
    "kingdom of ireland": "مملكة أيرلندا",
    "kingdom of israel": "مملكة إسرائيل",
    "kingdom of italy": "مملكة إيطاليا النابوليونية",
    "kingdom of jerusalem": "مملكة بيت المقدس",
    "kingdom of kartli": "مملكة كارتلي",
    "kingdom of kongo": "مملكة الكونغو",
    "kingdom of kurdistan": "مملكة كردستان",
    "kingdom of laos": "مملكة لاوس",
    "kingdom of leinster": "مملكة لينستر",
    "kingdom of león": "مملكة ليون",
    "kingdom of libya": "المملكة الليبية",
    "kingdom of lombardy–venetia": "مملكة لومبارديا فينيشيا",
    "kingdom of luang phrabang": "مملكة لوانغ فرابانغ",
    "kingdom of majorca": "مملكة مايوركا",
    "kingdom of makuria": "مملكة مقرة",
    "kingdom of mapungubwe": "مملكة مابونجوبوي",
    "kingdom of mercia": "مملكة مرسيا",
    "kingdom of montenegro": "مملكة الجبل الأسود",
    "kingdom of munster": "مملكة مونستر",
    "kingdom of mutapa": "مملكة موتابا",
    "kingdom of mysore": "مملكة ميسور",
    "kingdom of naples": "مملكة نابولي",
    "kingdom of navarre": "مملكة نبرة",
    "kingdom of nejd and hejaz": "مملكة نجد والحجاز",
    "kingdom of northumbria": "مملكة نورثمبريا",
    "kingdom of pamplona": "مملكة نبرة",
    "kingdom of poland": "مملكة بولندا",
    "kingdom of pontus": "مملكة البنطس",
    "kingdom of portugal": "مملكة البرتغال",
    "kingdom of prussia": "مملكة بروسيا",
    "kingdom of romania": "مملكة رومانيا",
    "kingdom of rome": "مملكة الروم",
    "kingdom of sarawak": "مملكة سراوق",
    "kingdom of sardinia and corsica": "مملكة سردينيا وكورسيكا",
    "kingdom of sardinia": "مملكة سردينيا",
    "kingdom of saxony": "مملكة ساكسونيا",
    "kingdom of scotland": "مملكة إسكتلندا",
    "kingdom of serbia": "مملكة صربيا",
    "kingdom of sicily": "مملكة صقلية",
    "kingdom of spain under joseph bonaparte": "مملكة إسبانيا النابليونية",
    "kingdom of syria": "المملكة السورية العربية",
    "kingdom of tavolara": "مملكة تافولارا",
    "kingdom of hwicce": "مملكة ويكا",
    "kingdom of lombards": "مملكة لومبارديا",
    "kingdom of netherlands": "مملكة هولندا",
    "kingdom of suebi": "مملكة السويبيين",
    "kingdom of two sicilies": "مملكة الصقليتين",
    "kingdom of thessalonica": "مملكة سالونيك",
    "kingdom of tungning": "مملكة تونغنينغ",
    "kingdom of tunisia": "مملكة تونس",
    "kingdom of valencia": "مملكة بالينسيا",
    "kingdom of vientiane": "مملكة فيانتيان",
    "kingdom of wessex": "مملكة وسكس",
    "kingdom of westphalia": "مملكة فستفالن",
    "kingdom of württemberg": "مملكة فورتمبيرغ",
    "kingdom of yugoslavia": "مملكة يوغسلافيا",
    "kolda": "كولدا",
    "kédougou": "كيدوغو",
    "la massana": "لامسانا",
    "la rioja": "منطقة لا ريوخا",
    "la union": "لا يونيون",
    "laguna": "لاغونا",
    "lanao del norte": "لاناو ديل نورتي",
    "lanao del sur": "لاناو ديل سور",
    "landgraviate of hesse-darmstadt": "لاندغريفية هسن دارمشتات",
    "landgraviate of hesse-kassel": "لاندغريفية هسن كاسل",
    "laois": "ليش",
    "lazio": "لاتسيو",
    "laâyoune-boujdour-sakia el hamra": "العيون بوجدور",
    "laâyoune-sakia el hamra": "جهة العيون الساقية الحمراء",
    "leitrim": "ليتريم",
    "leyte": "مقاطعة ليتة",
    "liguria": "ليغوريا",
    "limburg": "ليمبورخ",
    "limerick": "لمريك",
    "lombardy": "لومبارديا",
    "louga": "إقليم لوغا",
    "louisiana": "لويزيانا",
    "lower lorraine": "لوثارينجيا الواطئة",
    "madeira": "جزر ماديرا",
    "maguindanao": "ماغوييندانايو",
    "maine": "مين",
    "malanje": "مالانجي",
    "maluku": "مالوكو",
    "maniema": "مانيما",
    "mapungubwe": "مابونجوبوي",
    "march of tuscany": "مرغرافية توسكانا",
    "marche": "ماركي",
    "margraviate of brandenburg": "مرغريفية براندنبورغ",
    "margraviate of meissen": "مرغريفية مايسن",
    "marinduque": "ماريندوك",
    "marrakesh-safi": "جهة مراكش آسفي",
    "marrakesh-tensift-el haouz": "جهة مراكش تانسيفت الحوز",
    "martinique": "مارتينيك",
    "maryland": "ماريلند",
    "masbate": "ماسبات",
    "massachusetts": "ماساتشوستس",
    "matam": "ماتام",
    "mayo": "مايو",
    "mdina": "مدينة",
    "meknès-tafilalet": "مكناس تافيلالت",
    "michigan": "ميشيغان",
    "minnesota": "منيسوتا",
    "misamis occidental": "ميساميس أوتشيدنتال",
    "misamis oriental": "ميساميس أوريانتال",
    "mississippi": "مسيسيبي",
    "missouri": "ميزوري",
    "molise": "موليزي",
    "montana": "مونتانا",
    "mosta": "موستا",
    "mutawakkilite kingdom of yemen": "المملكة المتوكلية اليمنية",
    "méxico": "مكسيكو",
    "naxxar": "ناكسار",
    "nebraska": "نبراسكا",
    "negros occidental": "نيغروس أوتشيدنتال",
    "negros oriental": "أورينتال نيغروس",
    "nevada": "نيفادا",
    "new hampshire": "نيوهامشير",
    "new jersey": "نيوجيرسي",
    "new mexico": "نيومكسيكو",
    "new york": "نيويورك",
    "ninh bình": "مقاطعة ننه بنه",
    "ninh thuận": "محافظة ننه توان",
    "niuas": "نيواس",
    "north brabant": "شمال برابنت",
    "north carolina": "كارولاينا الشمالية",
    "north dakota": "داكوتا الشمالية",
    "north holland": "شمال-هولندا",
    "north kalimantan": "كالمنتان الشمالية",
    "north kivu": "كيفو الشمالية",
    "northern ireland": "أيرلندا الشمالية",
    "northern samar": "سامار الشمالية",
    "northern-ireland": "أيرلندا الشمالية",
    "nueva ecija": "نويفا إيسيا",
    "nueva vizcaya": "نويفا فيزكايا",
    "occidental mindoro": "أوكسيدنتال ميندورو",
    "ohio": "أوهايو",
    "oklahoma": "أوكلاهوما",
    "oplotnica": "بلدية أوبلوتنيكا",
    "ordino": "أوردينو",
    "oregon": "أوريغن",
    "oriental mindoro": "أورينتال ميندورو",
    "oriental": "الجهة الشرقية",
    "ottoman interregnum": "عهد الفترة العثماني",
    "oued ed-dahab-lagouira": "جهة الداخلة وادي الذهب",
    "overijssel": "أوفرايسل",
    "palawan": "بالاوان",
    "pampanga": "بامبانغا",
    "pangasinan": "بانغاسينان",
    "pays de la loire": "وادي اللوار",
    "penama": "مقاطعة بيناما",
    "pennsylvania": "بنسلفانيا",
    "phú yên": "محافظة فو أين",
    "piedmont": "بييمونتي",
    "prague": "براغ",
    "principality of bayreuth": "إمارة بايرويت",
    "provence-alpes-côte d'azur": "بروفنس ألب كوت دازور",
    "qormi": "كورمي",
    "quezon": "كزون",
    "quirino": "كويرينو",
    "rabat": "الرابات",
    "rabat-salé-kénitra": "جهة الرباط سلا القنيطرة",
    "rabat-salé-zemmour-zaer": "الرباط سلا زمور زعير",
    "ras al-khaimah": "رأس الخيمة",
    "region of murcia": "منطقة مرسية",
    "rhode island": "رود آيلاند",
    "rizal": "ريزال",
    "romblon": "رومبلون",
    "roscommon": "روسكومون",
    "saint-louis": "إقليم سانت لويس",
    "samar": "سامار",
    "san ġwann": "سان غوان",
    "sanma": "سانما",
    "sant julià de lòria": "سانت جوليا دي لوريا",
    "sarangani": "سارانغاني",
    "sardinia": "سردينيا",
    "saxe-weimar-eisenach": "دوقية ساكسونيا فايمر أيزيناخ الكبرى",
    "scotland": "إسكتلندا",
    "sejong city": "مدينة سيجونغ",
    "seoul": "سول",
    "serbia-and-montenegro": "صربيا والجبل الأسود",
    "sharjah emirate": "إمارة الشارقة",
    "sicily": "صقلية",
    "siquijor": "سيكيخور",
    "sliema": "سليمة",
    "sligo": "سليجو",
    "sorsogon": "سوروسوغون",
    "souss-massa": "جهة سوس ماسة",
    "south carolina": "كارولاينا الجنوبية",
    "south cotabato": "جنوب كوتاباتو",
    "south dakota": "داكوتا الجنوبية",
    "south holland": "جنوب هولندا",
    "south kivu": "كيفو الجنوبية",
    "south sulawesi": "سولاوسي الجنوبية",
    "south sumatra": "سومطرة الجنوبية",
    "southern leyte": "لايتي الجنوبية",
    "spanish netherlands": "هولندا الإسبانية",
    "special region of yogyakarta": "يوجياكرتا",
    "st. paul's bay": "شارع خليج بول",
    "sultan kudarat": "سلطان قادرات",
    "sulu": "سولو",
    "surigao del norte": "سوريجاو ديل نورت",
    "surigao del sur": "سوريجاو ديل سور",
    "suss-massa-draa": "سوس ماسة درعة",
    "swieqi": "سويقي",
    "sédhiou": "سيدهيو",
    "tabasco": "تاباسكو",
    "tadla-azilal": "جهة تادلة أزيلال",
    "tafea": "مقاطعة تافيا",
    "tanger-tétouan-al hoceïma": "جهة طنجة تطوان الحسيمة",
    "tangier-tetouan": "طنجة تطوان",
    "tarlac": "تارلاك",
    "tawi-tawi": "تاوي تاوي",
    "taza-al hoceima-taounate": "جهة تازة الحسيمة تاونات",
    "tennessee": "تينيسي",
    "texas": "تكساس",
    "thiès": "ثيس",
    "thái bình": "مقاطعة ثاي بنه",
    "torba": "محافظة توربا",
    "trentino-south tyrol": "ترينتينو ألتو أديجي",
    "tuscany": "توسكانا",
    "tuyên quang": "مقاطعة توين كوانج",
    "umbria": "أومبريا",
    "umm al-quwain": "أم القيوين",
    "united kingdom of great britain and ireland": "المملكة المتحدة لبريطانيا العظمى وإيرلندا",
    "united kingdom of portugal, brazil and algarves": "المملكة المتحدة للبرتغال و البرازيل و الغرب",
    "united nations": "الأمم المتحدة",
    "utah": "يوتا",
    "utrecht": "مقاطعة أوترخت",
    "valencian community": "منطقة بلنسية",
    "valletta": "فاليتا",
    "veneto": "فينيتو",
    "vermont": "فيرمونت",
    "vientiane prefecture": "مقاطعة فيينتيان",
    "virginia": "فرجينيا",
    "vojvodina": "فويفودينا",
    "vĩnh long": "مقاطعة فنه لونج",
    "wales": "ويلز",
    "washington": "واشنطن",
    "west flanders": "فلاندر الغربية",
    "west nusa tenggara": "نوسا تنقارا الغربية",
    "west sulawesi": "سولاوسي الغربية",
    "west sumatra": "سومطرة الغربية",
    "wisconsin": "ويسكونسن",
    "wyoming": "وايومنغ",
    "zambales": "زامباله",
    "zamboanga del norte": "زامبوانجا ديل نورت",
    "zamboanga del sur": "زامبوانجا ديل سور",
    "zamboanga sibugay": "زامبوانجا سيبوجاي",
    "zeeland": "زيلند",
    "ziguinchor": "زينغشور",
    "île-de-france": "إيل دو فرانس",
    "đắk nông": "مقاطعة داك نانج",
    "żabbar": "جبار",
    "żebbuġ": "زيباغ",
    "żejtun": "الزيتون",
    "żurrieq": "زرياق"
}
