{
    "PRIMARY_REGION": {
        "limburg (belgium)": "ليمبورغ (بلجيكا)",
        "limburg": "ليمبورغ",
        "west flanders": "فلاندرز الغربية",
        "east flanders": "فلاندر الشرقية",
        "antwerp": "أنتفيرب",
        "flemish brabant": "برابانت فلاماند",
        "liège": "لياج",
        "walloon brabant": "برابانت والون",
        "namur": "نامور",
        "hainaut": "هينو",
        "namur (province)": "مقاطعة نامور",
        "liège (province)": "مقاطعة لياج",
        "hainaut (province)": "مقاطعة هينو",
        "antwerp (province)": "مقاطعة أنتفيرب",
        "gaza": "غزة",
        "cabo delgado": "كابو ديلغادو",
        "manica": "مانيكا",
        "nampula": "نامبولا",
        "niassa": "نياسا",
        "inhambane": "إنهامبان",
        "sofala": "سوفالا",
        "zambezia": "زامبيزيا",
        "jabalia": "جباليا",
        "tete": "تيتي",
        "gaza province": "محافظة غزة",
        "cabo delgado province": "محافظة كابو ديلغادو",
        "manica province": "محافظة مانيكا",
        "nampula province": "محافظة نامبولا",
        "niassa province": "محافظة نياسا",
        "inhambane province": "محافظة إنهامبان",
        "sofala province": "محافظة سوفالا",
        "zambezia province": "محافظة زامبيزيا",
        "tete province": "محافظة تيتي",
        "bolívar province (ecuador)": "مقاطعة بوليفار",
        "central district (botswana)": "المقاطعة المركزية",
        "ghanzi district": "مقاطعة غانزي",
        "kgalagadi district": "مقاطعة كغالاجادي",
        "kgatleng district": "مقاطعة كغاتلنغ",
        "kweneng district": "مقاطعة كويننغ",
        "southern district (botswana)": "المقاطعة الجنوبية",
        "south-east district (botswana)": "المقاطعة الجنوب شرقية",
        "north-west district (botswana)": "مقاطعة الشمال الغربي",
        "north-east district (botswana)": "مقاطعة الشمال الشرقي",
        "capital region (iceland)": "إقليم العاصمة (أيسلندا)",
        "southern region (iceland)": "الإقليم الجنوبي (أيسلندا)",
        "northwestern region (iceland)": "الإقليم الشمالي الغربي (أيسلندا)",
        "southern peninsula (iceland)": "شبه الجزيرة الجنوبية (أيسلندا)",
        "eastern region (iceland)": "الإقليم الشرقي (أيسلندا)",
        "western region (iceland)": "الإقليم الغربي (أيسلندا)",
        "northeastern region (iceland)": "الإقليم الشمالي الشرقي (أيسلندا)",
        "westfjords": "إقليم المضايق",
        "espíndola": "اسبيندولا",
        "urdaneta": "اوردانيتا",
        "ibarra": "ايبارا",
        "isabela": "إيزابيلا",
        "isidro ayora": "إيسيدرو أيورا",
        "olmedo": "أولميدو",
        "oña": "أونيا",
        "pablo sexto": "بابلو سيكستو",
        "patate": "باتات",
        "balao": "بالاو",
        "balsas": "بالساس",
        "palenque": "بالينكو",
        "el pangui": "بانغي",
        "pedernales": "بدرنالس",
        "puerto lópez": "برتو لوبيز",
        "putumayo": "بوتومايو",
        "portoviejo": "بورتوفيخو",
        "bolívar": "بوليفار",
        "puerto quito": "بويرتو كيتو",
        "pedro vicente maldonado": "بيدرو فيسينتي مالدونادو",
        "pedro carbo": "بيدرو كاربو",
        "pedro moncayo": "بيدرو مونكايو",
        "pichincha": "بيشينشا",
        "el tambo": "تامبو",
        "taisha": "تايشا",
        "el chaco": "تشاكو",
        "chone": "تشوني",
        "tulcán": "تولكان",
        "tena": "تينا",
        "junín": "جونين",
        "cantón joya de los sachas": "جويا دي لوس ساشاس",
        "girón": "خيرون",
        "déleg": "ديليغ",
        "riobamba": "ريوبامبا",
        "zamora": "زامورا",
        "salcedo": "سالسيدو",
        "san pedro de huaca": "سان بيدرو دي هواكا",
        "san fernando": "سان فرناندو",
        "san vicente": "سان فيسينت",
        "san cristóbal": "سان كريستوبال",
        "san lorenzo": "سان لورينزو",
        "san miguel": "سان ميغيل",
        "san miguel de urcuquí": "سان ميغيل دي أوركووكي",
        "santa lucía": "سانت لوسيا",
        "santa isabel": "سانتا إيزابيل",
        "santa elena": "سانتا إيلينا",
        "santa ana": "سانتا آنا",
        "santa rosa": "سانتا روزا",
        "santa cruz": "سانتا كروز",
        "santa clara": "سانتا كلارا",
        "santo domingo": "سانتو دومينغو",
        "santiago de méndez": "سانتياغو دي منديز",
        "sucre": "سوكري",
        "sucumbíos": "سوكومبيوس",
        "cevallos": "سيفالوس",
        "sevilla de oro": "سيفيلا دي أورو",
        "celica": "سيليكا",
        "simón bolívar": "سيمون بوليفار",
        "chillanes": "شيلانس",
        "chinchipe": "شينشيب",
        "gonzalo pizarro": "غونزالو بيزارو",
        "valencia": "فالنسيا",
        "francisco de orellana": "فرانسيسكو دي أوريلانا",
        "flavio alfaro": "فلافيو ألفارو",
        "palestina": "فلسطين",
        "carlos julio arosemena tola": "كارلوس خوليو أروزيمينا تولا",
        "el carmen": "كارمن",
        "camilo ponce enríquez": "كاميلو بونس إنريكيز",
        "cañar": "كنار",
        "cotacachi": "كوتاكاتشي",
        "quero": "كيرو",
        "quevedo": "كيفيدو",
        "las lajas": "لاس لاجاس",
        "lago agrio": "لاغو أغريو",
        "loreto": "لوريتو",
        "lomas de sargentillo": "لوماس دي سارجنتيلو",
        "cantón limón indanza": "ليمون إندانزا",
        "machala": "ماتشالا",
        "macará": "ماكارا",
        "quito metro": "مترو كيتو",
        "morona": "مورونا",
        "montalvo": "مونتالفو",
        "montecristi": "مونتكريستي",
        "mejía": "ميخيا",
        "mera": "ميرا",
        "huaquillas": "هواكويياس"
    },
    "PERU_REGION": {
        "amazonas": "أمازوناس",
        "callao": "كاياو",
        "moyobamba": "مويوبامبا",
        "tarapoto": "تارابوتو",
        "ancash": "أنكاش",
        "apurímac": "أبوريماك",
        "arequipa": "أريكيبا",
        "ayacucho": "أياكوتشو",
        "loja": "لوخا",
        "cajamarca": "كاخاماركا",
        "cusco": "قوسقو",
        "huancavelica": "هوانكافليكا",
        "huánuco": "هانوكو",
        "ica": "إيكا",
        "junín": "جونين",
        "la libertad": "لا ليبرتاد",
        "lambayeque": "لمباييكه",
        "lima": "ليما",
        "loreto": "لوريتو",
        "madre de dios": "مادر دي ديوس",
        "moquegua": "موكيغوا",
        "paita": "بايتا",
        "pasco": "باسكو",
        "piura": "بيورا",
        "puno": "بونو",
        "san martín": "سان مارتين",
        "tacna": "تاكنا",
        "tumbes": "تومبيس",
        "ucayali": "أوكايالي"
    },
    "UK_COUNTY": {
        "mascara, algeria": "معسكر (مدينة)",
        "barpeta": "باربتا",
        "djibouti city": "مدينة جيبوتي",
        "barpeta district": "مقاطعة باربتا",
        "central province, sri lanka": "المقاطعة الوسطى (سريلانكا)",
        "eastern province, sri lanka": "المقاطعة الشرقية (سريلانكا)",
        "north central province, sri lanka": "المقاطعة الشمالية الوسطى (سريلانكا)",
        "north western province, sri lanka": "المقاطعة الشمالية الغربية (سريلانكا)",
        "northern province, sri lanka": "المقاطعة الشمالية (سريلانكا)",
        "sabaragamuwa province": "مقاطعة ساباراغاموا (سريلانكا)",
        "southern province, sri lanka": "المقاطعة الجنوبية (سريلانكا)",
        "uva province": "مقاطعة يوفا",
        "western province, sri lanka": "المقاطعة الغربية (سريلانكا)",
        "leiden": "لايدن",
        "arnhem": "آرنم",
        "aalburg": "آلبورخ",
        "amersfoort": "آمرسفورت",
        "oude ijsselstreek": "آودا آيسلستريك",
        "appingedam": "أبنجيدام",
        "achtkarspelen": "أختكارسبيلن",
        "assen": "أسن",
        "albrandswaard": "ألبراندزفارد",
        "alphen-chaam": "ألفن- كام",
        "alkmaar": "ألكمار",
        "almere": "ألميره",
        "ameland": "أمالاند",
        "amstelveen": "أمستلفين",
        "opsterland": "أوبسترلاند",
        "oost gelre": "أوست خيلره",
        "ooststellingwerf": "أوستستالينجفيرف",
        "overbetuwe": "أوفربيتوا",
        "oldenzaal": "أولدنزال",
        "edam-volendam": "إدام- فولندام",
        "echt-susteren": "إيخت- سوسترين",
        "pekela": "باكالا",
        "brunssum": "برونسوم",
        "breda": "بريدا",
        "bloemendaal": "بلوميندال",
        "beuningen": "بونينجن",
        "bedum": "بيدوم",
        "bergen op zoom": "بيرخن أوب زووم",
        "bergen, limburg": "بيرخن (ليمبورخ)",
        "beesel": "بيسل",
        "beemster": "بيمستر",
        "beek": "بييك",
        "ten boer": "تن بور",
        "texel": "تيسل",
        "tiel": "تيل",
        "tilburg": "تيلبورخ",
        "grootegast": "خروتاخاست",
        "goeree-overflakkee": "خوريه- أوفرفلاكيه",
        "geldrop-mierlo": "خيلدروب- ميرلو",
        "dantumadiel": "دانتوماديل",
        "delft": "دلفت",
        "delfzijl": "دلفزايل",
        "den helder": "دن هيلدر",
        "dordrecht": "دوردريخت",
        "de bilt": "دي بيلت",
        "de fryske marren": "دي فريزه ميرين",
        "de marne": "دي مارنه",
        "deventer": "ديفينتر",
        "diemen": "ديمين",
        "rijswijk": "رايسفايك",
        "rijnwaarden": "راينفاردن",
        "rotterdam": "روتردام",
        "roermond": "رورموند",
        "roosendaal": "روسيندال",
        "ridderkerk": "ريدركيرك",
        "rheden": "ريدن",
        "renkum": "رينكوم",
        "zaltbommel": "زالتبومل",
        "zandvoort": "زانتفورت",
        "zuidplas": "زاودبلاس",
        "zuidhorn": "زاودهورن",
        "zwolle": "زفوله",
        "zoetermeer": "زوترمير",
        "zutphen": "زوتفن",
        "stadskanaal": "ستادسكانال",
        "stichtse vecht": "ستختسه فيخت",
        "steenwijkerland": "ستينفايكرلاند",
        "schagen": "سخاخن",
        "scherpenzeel": "سخيربنزيل",
        "schiermonnikoog": "سخيرمونيكوخ",
        "smallingerland": "سمولينجالاند",
        "súdwest-fryslân": "سودفيست- فريسلان",
        "sittard-geleen": "سيتارد- خيلين",
        "s-hertogenbosch": "سيرتوخيمبوس",
        "simpelveld": "سيمبلفيلد",
        "wageningen": "فاخينيجن",
        "waltz": "فالس",
        "woudrichem": "فاودريخيم",
        "wijchen": "فايخن",
        "franekeradeel": "فرانيكراديل",
        "vlieland": "فليلاند",
        "woerden": "فوردن",
        "voorst": "فورست",
        "weert": "فيرت",
        "ferwerderadiel": "فيرفيرديراديل",
        "werkendam": "فيركندام",
        "weesp": "فيسب",
        "west maas en waal": "فيست ماس آن فال",
        "westervoort": "فيسترفورت",
        "weststellingwerf": "فيستستيلينجفيرف",
        "velsen": "فيلسن",
        "winterswijk": "فينترسفايك",
        "winsum": "فينسوم",
        "venlo": "فينلو",
        "katwijk": "كاتفايك",
        "castricum": "كاستركوم",
        "kampen, overijssel": "كامبن (أوفرآيسل)",
        "kollumerland en nieuwkruisland": "كوليميلاند أن نيوكراوزلاند",
        "kerkrade": "كيركراده",
        "hague": "لاهاي",
        "littenseradiel": "ليتينسيراديل",
        "lisse": "ليسه",
        "leek, netherlands": "ليك",
        "lelystad": "ليلستاد",
        "leeuwarden": "ليوفاردن",
        "leeuwarderadeel": "ليووراديراديل",
        "marum": "ماروم",
        "mook en middelaar": "موك آن ميديلار",
        "molenwaard": "مولنفارد",
        "middelburg": "ميديلبورخ",
        "menameradiel": "ميناميراديل",
        "haarlemmerliede en spaarnwoude": "هارلمرليده آن سبارنفاودا",
        "haarlemmermeer": "هارلمرمير",
        "harlingen": "هارلينجن",
        "haren, groningen": "هارين (خرونينجن)",
        "het bildt": "هت بيلدت",
        "hendrik-ido-ambacht": "هندريك- إيدو- أمباخت",
        "hoogezand-sappemeer": "هوخازاند-سابامير",
        "hoorn": "هورن",
        "hollands kroon": "هولاندز كرون",
        "heerlen": "هيرلين",
        "heerenveen": "هيرينفين",
        "helmond": "هيلموند",
        "heemstede": "هيمستيده",
        "east midlands": "ميدلاند الشرقية",
        "east of england": "شرق إنجلترا",
        "greater london": "لندن الكبرى",
        "north east england": "شمال شرق انجلترا",
        "north west england": "شمال غرب إنجلترا",
        "south east england": "جنوب شرق إنجلترا",
        "south west england": "جنوب غرب إنجلترا",
        "west midlands (region)": "منطقة ميدلاند الغربية",
        "yorkshire and humber": "يوركشاير والهمبر"
    },
    "SRI_LANKA_DISTRICT": {
        "anuradhapura": "انورادهابورا",
        "batticaloa": "باتيكالوا",
        "colombo": "كولومبو",
        "jaffna": "جافنا",
        "kandy": "كاندي",
        "kegalla": "كيجاللا",
        "monaragala": "موناراغالا",
        "mullaittivu": "مولايتيفو",
        "mullaitivu": "مولايتيفو",
        "trincomalee": "ترينكومالي",
        "vavuniya": "فافونيا",
        "badulla": "بادولا",
        "ampara": "أمبارا",
        "puttalam": "بوتالام",
        "polonnaruwa": "بولوناروا",
        "galle": "جالي",
        "gampaha": "جامباها",
        "ratnapura": "راتنابورا",
        "kalutara": "كالوتارا",
        "kurunegala": "كورونيغالا",
        "kilinochchi": "كيلينوتشي",
        "matara": "ماتارا",
        "matale": "ماتال",
        "mannar": "منار",
        "nuwara eliya": "نوارا إليا",
        "hambantota": "هامبانتوتا"
    },
    "ALGERIA_PROVINCE": {
        "ahal": "أهال",
        "balkan": "بلقان",
        "daşoguz": "داشوغوز",
        "mary": "ماري",
        "adrar": "أدرار",
        "algiers": "مدينة الجزائر",
        "annaba": "عنابة",
        "aïn defla": "عين الدفلى",
        "aïn témouchent": "عين تموشنت",
        "batna": "باتنة",
        "biskra": "بسكرة",
        "blida": "البليدة",
        "bordj bou arréridj": "برج بوعريريج",
        "boumerdès": "بومرداس",
        "bouïra": "البويرة",
        "béchar": "بشار",
        "béjaïa": "بجاية",
        "chlef": "الشلف",
        "constantine": "قسنطينة",
        "djelfa": "الجلفة",
        "el bayadh": "البيض",
        "el oued": "الوادي",
        "el taref": "الطارف",
        "ghardaïa": "غرداية",
        "guelma": "قالمة",
        "illizi": "إليزي",
        "jijel": "جيجل",
        "khenchela": "خنشلة",
        "laghouat": "الأغواط",
        "m'sila": "المسيلة",
        "mascara": "معسكر",
        "mila": "ميلة",
        "mostaganem": "مستغانم",
        "médéa": "المدية",
        "naâma": "النعامة",
        "oran": "وهران",
        "ouargla": "ورقلة",
        "oum el bouaghi": "أم البواقي",
        "relizane": "غليزان",
        "saïda": "سعيدة",
        "sidi bel abbès": "سيدي بلعباس",
        "skikda": "سكيكدة",
        "souk ahras": "سوق أهراس",
        "sétif": "سطيف",
        "tamanrasset": "تمنراست",
        "tiaret": "تيارت",
        "tindouf": "تندوف",
        "tipaza": "تيبازة",
        "tissemsilt": "تيسمسيلت",
        "tizi ouzou": "تيزي وزو",
        "tlemcen": "تلمسان",
        "tébessa": "تبسة"
    },
    "VENEZUELA_STATE": {
        "táchira": "تاتشيرا",
        "apure": "أبوري",
        "zulia": "زوليا",
        "barinas": "باريناس",
        "mérida": "ماردة",
        "anzoátegui": "أنزواتغي",
        "amazonas": "آمازون",
        "portuguesa": "بورتوغيزا",
        "aragua": "أراغوا",
        "bolívar": "بوليفار",
        "miranda": "ميراندا",
        "carabobo": "كارابوبو",
        "yaracuy": "ياراكوي",
        "delta amacuro": "دلتا أماكورو",
        "trujillo": "تروخيو",
        "falcón": "فالكون",
        "guárico": "غواريكو",
        "nueva esparta": "نويفا إسبارتا",
        "cojedes": "كويديس",
        "monagas": "موناغاس",
        "lara": "لارا",
        "sucre": "سوكري",
        "vargas": "فارغاس",
        "kerċem": "كيرتشم"
    },
    "ECUADOR_PROVINCE": {
        "carchi": "كارتشي",
        "bolívar": "بوليفار",
        "pichincha": "بيتشينتشا",
        "napo": "نابو",
        "pastaza": "باستازا",
        "chimborazo": "تشيمبورازو",
        "cotopaxi": "كوتوباكسي",
        "azuay": "أزواي",
        "manabí": "مانابي",
        "morona-santiago": "مورونا سانتياغو",
        "zamora-chinchipe": "زامورا تشينتشيبه",
        "santo domingo de los tsáchilas": "سانتو دومينغو دا لوس تساتشيلاس",
        "santa elena": "سانتا إيلينا",
        "cañar": "كانار",
        "esmeraldas": "إسمرالداس",
        "imbabura": "إمبابورا",
        "guayas": "غاياس",
        "el oro": "إل أورو",
        "galápagos": "غالاباغوس",
        "sucumbíos": "سوكومبيوس",
        "orellana": "أوريينا",
        "loja": "لوخا",
        "tungurahua": "تونغوراهوا",
        "los ríos": "لوس ريوس"
    },
    "LEGACY_UK_COUNTY": {
        "bedfordshire": "بيدفوردشير",
        "berkshire": "بيركشير",
        "bristol": "بريستول",
        "buckinghamshire": "باكينغهامشير",
        "cambridgeshire": "كامبريدجشير",
        "cheshire": "تشيشير",
        "city-of-london": "مدينة لندن",
        "city of london": "مدينة لندن",
        "cornwall": "كورنوال",
        "county durham": "مقاطعة دورهام",
        "cumbria": "كمبريا",
        "derbyshire": "داربيشير",
        "devon": "ديفون",
        "dorset": "دورست",
        "east riding of yorkshire": "إيست رايدينج أوف يوركشير",
        "east sussex": "شرق سوسكس",
        "essex": "إسكس",
        "gloucestershire": "غلوسترشير",
        "greater london": "لندن الكبرى",
        "greater manchester": "مانشستر الكبرى",
        "hampshire": "هامبشاير",
        "herefordshire": "هرفوردشير",
        "hertfordshire": "هيرتفوردشاير",
        "isle of wight": "جزيرة وايت",
        "kent": "كنت",
        "lancashire": "لانكشير",
        "leicestershire": "ليسترشير",
        "lincolnshire": "لنكولنشاير",
        "merseyside": "مرزيسايد",
        "norfolk": "نورفك",
        "north yorkshire": "شمال يوركشاير",
        "northamptonshire": "نورثهامبتونشاير",
        "northumberland": "نورثمبرلاند",
        "nottinghamshire": "نوتنغهامشير",
        "oxfordshire": "أوكسفوردشاير",
        "rutland": "روتلاند",
        "shropshire": "شروبشاير",
        "somerset": "سومرست",
        "south yorkshire": "جنوب يوركشير",
        "staffordshire": "ستافوردشاير",
        "suffolk": "سوفولك",
        "surrey": "سري",
        "tyne and wear": "تاين و وير",
        "warwickshire": "وركشير",
        "west midlands (county)": "مقاطعة ميدلاند الغربية",
        "west sussex": "غرب ساسكس",
        "west yorkshire": "غرب يوركشاير",
        "wiltshire": "ويلتشاير",
        "worcestershire": "رسيستيرشير",
        "edinburgh": "إدنبرة",
        "islington": "إزلينغتون",
        "england": "إنجلترا",
        "inverclyde": "إنفركلايد",
        "inverness": "إنفرنيس",
        "enfield": "إنفيلد",
        "ealing": "إيلينغ",
        "inverness-shire": "إينفيرنيس-شيري",
        "aberdeen": "أبردين",
        "aberdeenshire": "أبردينشاير",
        "argyll and bute": "أرغيل وبوت",
        "armagh (city)": "مدينة أرماه",
        "anglesey": "أنغلزي",
        "angus": "أنغوس",
        "orkney": "أوركني",
        "ayrshire": "أيرشاير",
        "avon": "آفون",
        "barnet": "بارنيت",
        "bangor, gwynedd": "بانغور (غوينذ)",
        "powys": "باويس",
        "hackney": "بتذلل",
        "brighton and hove": "برايتون أند هوف",
        "preston, lancashire": "برستون",
        "birmingham, west midlands": "برمنغهام",
        "brent": "برنت",
        "bromley": "بروملي",
        "belfast": "بلفاست",
        "blaenau gwent": "بليناو غونت",
        "portsmouth": "بورتسموث",
        "perth, scotland": "بيرث (إسكتلندا)",
        "perth and kinross": "بيرث وكينروس",
        "west berkshire": "بيركشاير الغربية",
        "berwickshire": "بيروكشير",
        "bexley": "بيكسلي",
        "pembrokeshire": "بيمبروكشاير",
        "tower hamlets": "تاور هامليتس",
        "chelmsford": "تشيلمسفورد (إسكس)",
        "torfaen": "تورفين",
        "teesside": "تيسايد",
        "north lanarkshire": "شمال لاناركشاير",
        "south lanarkshire": "جنوب لاناركشاير",
        "lanarkshire": "لاناركشاير",
        "south ayrshire": "جنوب أيرشاير",
        "gwynedd": "جويند",
        "denbighshire": "دنبيشير",
        "dundee": "دندي",
        "dumfries and galloway": "دومفريز وغالاوي",
        "dunbartonshire": "دونبارتونشاير",
        "west dunbartonshire": "دونبارتونشير الغربية",
        "derby": "ديربي",
        "derry (city)": "مدينة ديري",
        "devon and cornwall": "ديفون وكورنوال",
        "ross and cromarty": "روس وكرومارتي",
        "rhondda cynon taf": "روندا كينون تاف",
        "richmond upon thames": "ريتشموند (لندن)",
        "redbridge": "ريدبريدج",
        "renfrewshire": "رينفروشاير",
        "sutton": "ساتون",
        "sutherland": "ساذرلاند",
        "sussex": "ساسكس",
        "salford": "سالفورد",
        "st asaph": "سانت أساف",
        "st davids": "سانت دافيدس",
        "sandwell": "ساندويل",
        "southwark": "ساوثوورك",
        "stirlingshire": "ستيرلينغشاير",
        "ceredigion": "سرديجون",
        "slough": "سلاو (باركشير)",
        "sunderland": "سندرلاند",
        "swansea": "سوانزي",
        "scilly": "سيلي",
        "shetland": "شتلاند",
        "east anglia": "شرق أنجليا",
        "east ayrshire": "شرق أيرشاير",
        "east dunbartonshire": "شرق دونبارتونشاير",
        "east renfrewshire": "شرق رينفروشاير",
        "east midlands": "شرق ميدلاندز",
        "north ayrshire": "شمال أيرشاير",
        "north wales": "شمال ويلز",
        "greenwich": "غرينتش",
        "glasgow": "غلاسكو",
        "flintshire": "فلينتشير",
        "fife": "فيفي",
        "cardiff": "كارديف",
        "carlisle": "كارلايل",
        "camden": "كامدن",
        "canterbury": "كانتربيري",
        "carmarthenshire": "كرمرثنشير",
        "croydon": "كرويدون",
        "clackmannanshire": "كلاكمانشاير",
        "kensington and chelsea": "كنسينغتون وتشيلسي",
        "caithness": "كيثنس",
        "kincardineshire": "كينكردينشي",
        "lambeth": "لامبث",
        "lancaster": "لانكستر",
        "london": "لندن",
        "east lothian": "لوثيان الشرقية",
        "greater london council": "مجلس لندن الكبرى",
        "stirling (city)": "مدينة ستيرلنغ",
        "county armagh": "مقاطعة أرما",
        "county antrim": "مقاطعة أنترم",
        "county tyrone": "مقاطعة تيرون",
        "county down": "مقاطعة داون",
        "county fermanagh": "مقاطعة فيرماناغ",
        "county londonderry": "مقاطعة لندنديري",
        "merthyr tydfil county borough": "مقاطعة ميرثير تيدفيل",
        "west midlands (region)": "منطقة ميدلاند الغربية",
        "moray": "موراي",
        "monmouthshire": "مونماوثشاير",
        "midlothian": "ميدلوثيان",
        "medway": "ميدواي",
        "merton": "ميرتون",
        "mercia": "ميرسيا",
        "milton keynes": "ميلتون كينز",
        "milton keynes borough": "ميلتون كينز بورو",
        "neath port talbot": "نيث بورت تالبوت",
        "newport, wales": "نيوبورت",
        "newry": "نيوري",
        "newham": "نيوهام",
        "harrow": "هارو",
        "haringey": "هارينجي",
        "havering": "هافرينج",
        "hammersmith and fulham": "هامرزميث وفولهام",
        "hounslow": "هونسلو",
        "hillingdon": "هيلينغدون",
        "waltham forest": "والتهام فوريست",
        "wandsworth": "واندسوورث",
        "wight": "وايت",
        "west lothian": "وست لوثيان",
        "westminster": "وستمنستر",
        "windsor and maidenhead": "وندسور و ميدينهيد",
        "wokingham": "ووكينغهام",
        "lewisham": "ويشام",
        "lisburn": "ليسبورن",
        "yorkshire": "يوركشاير"
    }
}
